;Website;General rating;Title;Company;Company_type;Company_sector;Country;City;Summary;Date;Job_id;Job_url
0;indeed;3;Junior Data Scientist / Artificial Intelligence Consultant (...;DELOITTE;Large Enterprise (+5000 employees);Audit, Consulting, Financial Advisory, Risk Management, and Tax services;LUXEMBOURG;Luxembourg;Gather raw data and create data visualization scenarios, as well as dashboards under the guidance of project team. Strong data & logical analysis skills.;30 day ago;28d4deef19937a4a;https://lu.indeed.com/jobs?q=Data%20Scientist&l=Luxembourg&radius=10&start=0&lang=en&vjk=28d4deef19937a4a
1;linkedin;3;Paid Internship in DataScience - 4/6 Months (m/f);PROCTER & GAMBLE;Large Enterprise (+5000 employees);Consumer Goods, Marketing, Advertising;SWITZERLAND;Petit Lancy;;21 day ago;2714546638;https://ch.linkedin.com/jobs/view/paid-internship-in-datascience-4-6-months-m-f-at-procter-gamble-2714546638?refId=1sJliK4EG4mDIsjM34onrA%3D%3D&trackingId=3cC%2B6%2FR42oSUFjBtuNOIMQ%3D%3D&position=23&pageNum=0&trk=public_jobs_jserp-result_search-card
2;indeed;3;Junior Data Scientist;ADIDAS;Large Enterprise (+5000 employees);apparel, footwear, premium fashion, sports brand, football, running, training, basketball, originals;NETHERLANDS;Amsterdam;Experience on data aggregations, data models and operationalization of data mining algorithms. Scope: Accountable for defined area of data science practices.; day ago;3eefff157d4f3b9e;https://nl.indeed.com/jobs?q=Data%20Scientist&l=Amsterdam&radius=10&start=0&lang=en&vjk=3eefff157d4f3b9e
3;indeed;3;Junior Data Scientist;DECATHLON;Large Enterprise (+5000 employees);Sports, Vente, Conception;NETHERLANDS;Amsterdam;Thus you will be responsible for the complete data pipeline. 0-2 years of experience in the field of data science. Performing analysis to test business ideas.;5 day ago;87d455719f00967d;https://nl.indeed.com/jobs?q=Data%20Scientist&l=Amsterdam&radius=10&start=0&lang=en&vjk=87d455719f00967d
4;linkedin;3;Junior Data Scientist;DECATHLON NEDERLAND;Large Enterprise (+5000 employees);Sports, Vente, Conception;NETHERLANDS;Amsterdam;;5 day ago;2739848936;https://nl.linkedin.com/jobs/view/junior-data-scientist-at-decathlon-nederland-2739848936?refId=hPO6qy4mazidZvIA89OX1Q%3D%3D&trackingId=%2BV8Q1lW7wbPYb3l4waBu%2Fw%3D%3D&position=11&pageNum=0&trk=public_jobs_jserp-result_search-card
5;indeed;3;Paid Internship in DataScience - 4/6 Months (m/f);PROCTER & GAMBLE;Large Enterprise (+5000 employees);Consumer Goods, Marketing, Advertising;SWITZERLAND;Lancy;Report a senior data scientist, be co-located within a DataScience and Analytics team, part of P&G's global DataScience organization.;4 day ago;8ec738286366de75;https://ch.indeed.com/jobs?q=Data%20Scientist&l=Geneva&radius=10&start=0&lang=en&vjk=8ec738286366de75
6;linkedin;3;Junior Data Scientist;ADIDAS;Large Enterprise (+5000 employees);apparel, footwear, premium fashion, sports brand, football, running, training, basketball, originals;NETHERLANDS;Amsterdam;;<1 day ago;2737679507;https://nl.linkedin.com/jobs/view/junior-data-scientist-at-adidas-2737679507?refId=hPO6qy4mazidZvIA89OX1Q%3D%3D&trackingId=fdaB6tuGHC5qgrq5w4LHpQ%3D%3D&position=1&pageNum=0&trk=public_jobs_jserp-result_search-card
7;indeed;3;Junior Data Scientist;ARCELORMITTAL;Large Enterprise (+5000 employees);long and flat-rolled steel, automotive steel, tubular products, high-strength steel, iron ore mining, coal mining, research and development, industry 4.0, digital industry;LUXEMBOURG;Esch-sur-Alzette;Objectives: • Data cleaning and harmonization from various data sources. Mandatory skills: • Strong understanding and at least one-year hands-on experience with…;30 day ago;517b2e4fa9546096;https://lu.indeed.com/jobs?q=Data%20Scientist&l=Luxembourg&radius=10&start=0&lang=en&vjk=517b2e4fa9546096
8;linkedin;2;Data Scientist III - Partner Marketing;EXPEDIA GROUP;Large Enterprise (+5000 employees);Technology, Travel, Ecommerce, Sales, Hotels, Big Data, Mobile, Business Development, SEO, SEM, Hospitality, Airfare;SWITZERLAND;Geneva;;30 day ago;2723320436;https://ch.linkedin.com/jobs/view/data-scientist-iii-partner-marketing-at-expedia-group-2723320436?refId=1sJliK4EG4mDIsjM34onrA%3D%3D&trackingId=zHiPNXTchNEx%2BoGgfIyFjQ%3D%3D&position=6&pageNum=0&trk=public_jobs_jserp-result_search-card
9;linkedin;2;Data Scientist;CORONA DIRECT;Large Enterprise (+5000 employees);Unknown;BELGIUM;Brussels Metropolitan Area;;14 day ago;2706640626;https://be.linkedin.com/jobs/view/data-scientist-at-corona-direct-2706640626?refId=CyVS1PswljJpH9mdEjRa1Q%3D%3D&trackingId=ygbw6vzw9g3CijSIcTO4gw%3D%3D&position=6&pageNum=0&trk=public_jobs_jserp-result_search-card
10;indeed;2;Data Scientist Algorithms;ADYEN;Large Enterprise (+5000 employees);online payment service, online payment system, online payment processing, payment service provider, online payment solution, online payment gateway, merchant services, mobile payments, Point-of-Sale payments, global acquiring, risk management, ecommerce, card terminals, card payments, compliance, Checkout;NETHERLANDS;Amsterdam;Working experience with big data technologies and ETLs is also required. You will be responsible for building and interpreting algorithms that power data…;27 day ago;7a1995c8609aee63;https://nl.indeed.com/jobs?q=Data%20Scientist&l=Amsterdam&radius=10&start=0&lang=en&vjk=7a1995c8609aee63
11;indeed;2;Data Scientist - Beauty Care - Supply Chain;HENKEL;Large Enterprise (+5000 employees);Adhesive Technologies, Beauty Care, Laundry and Home Care;NETHERLANDS;Amsterdam;Masters data scientific tools to find solutions for challenges in the realm of both big and small data. Solves complex business problems with data.; day ago;c44c44b56291403e;https://nl.indeed.com/jobs?q=Data%20Scientist&l=Amsterdam&radius=10&start=0&lang=en&vjk=c44c44b56291403e
12;indeed;2;Data Scientist;CAREPAY;Large Enterprise (+5000 employees);Unknown;NETHERLANDS;Amsterdam;CarePay is looking to hire a data scientist for our Amsterdam or Nairobi team. Together with data analysts, engineers, and other data scientists, you will work…;28 day ago;14d46b4cb2a9676d;https://nl.indeed.com/jobs?q=Data%20Scientist&l=Amsterdam&radius=10&start=0&lang=en&vjk=14d46b4cb2a9676d
13;indeed;2;Lead Data Scientist;NOSTICS;Large Enterprise (+5000 employees);Unknown;NETHERLANDS;Amsterdam Zuid;As Lead Data Scientist, you will first and foremost be a hands-on Data Scientist and you will be responsible for generating accurate insights form the lab data.; day ago;53c249982cb6a178;https://nl.indeed.com/jobs?q=Data%20Scientist&l=Amsterdam&radius=10&start=0&lang=en&vjk=53c249982cb6a178
14;linkedin;2;Data Scientist;CORONA DIRECT;Large Enterprise (+5000 employees);Unknown;BELGIUM;Brussels;;21 day ago;2714747322;https://be.linkedin.com/jobs/view/data-scientist-at-corona-direct-2714747322?refId=CyVS1PswljJpH9mdEjRa1Q%3D%3D&trackingId=u0Xr691YW9Kn%2Bja9CFQMJA%3D%3D&position=7&pageNum=0&trk=public_jobs_jserp-result_search-card
15;indeed;2;Medior Data Scientist;KPMG;Large Enterprise (+5000 employees);Advisory, Tax, Audit;NETHERLANDS;Amstelveen;Working with experienced data engineers and scientists. Our data scientists are in direct contact with our clients to find out their needs and create fitting,…;6 day ago;002ca48995e8dc5e;https://nl.indeed.com/jobs?q=Data%20Scientist&l=Amsterdam&radius=10&start=0&lang=en&vjk=002ca48995e8dc5e
16;linkedin;2;Data Scientist, Analytics II;EXPEDIA GROUP;Large Enterprise (+5000 employees);Technology, Travel, Ecommerce, Sales, Hotels, Big Data, Mobile, Business Development, SEO, SEM, Hospitality, Airfare;SWITZERLAND;Geneva;;14 day ago;2724981643;https://ch.linkedin.com/jobs/view/data-scientist-analytics-ii-at-expedia-group-2724981643?refId=1sJliK4EG4mDIsjM34onrA%3D%3D&trackingId=FwwycHCfMCLI9gqZDnmyVQ%3D%3D&position=4&pageNum=0&trk=public_jobs_jserp-result_search-card
17;indeed;2;Data Scientist;KNAB;Large Enterprise (+5000 employees);Unknown;NETHERLANDS;Amsterdam;The Expert Center Data consist of 24 young professionals with a big heart for Data, covering domains data science, data engineering, data management & data…;14 day ago;a368d5610006fa57;https://nl.indeed.com/jobs?q=Data%20Scientist&l=Amsterdam&radius=10&start=0&lang=en&vjk=a368d5610006fa57
18;indeed;2;Research Data Scientist;MIELE X;Large Enterprise (+5000 employees);Unknown;NETHERLANDS;Amsterdam;Take a company wide perspective and generalize problems and data solutions with long term impact to Miele X, acting responsibly with respect to data privacy,…;19 day ago;bdc2fa6b5825b58a;https://nl.indeed.com/jobs?q=Data%20Scientist&l=Amsterdam&radius=10&start=0&lang=en&advn=5857448119306234&vjk=bdc2fa6b5825b58a
19;linkedin;2;Data Scientist;TOPTAL;Large Enterprise (+5000 employees);Software Engineering, iOS, Ruby on Rails, LAMP, .NET, Java, Python, JavaScript, C++, C#, HTML5/CSS3, PHP, Scala, Objective-C, SharePoint, Salesforce, Android, Node.js, Django, MATLAB;LUXEMBOURG;Luxembourg;;14 day ago;2731794580;https://lu.linkedin.com/jobs/view/data-scientist-at-toptal-2731794580?refId=to5kHmeUXgO0iSlk%2FDGCaA%3D%3D&trackingId=vk9Bb9Zye0Qa4XH%2B6zq%2FOA%3D%3D&position=16&pageNum=0&trk=public_jobs_jserp-result_search-card
20;indeed;2;Research Data Scientist;MIELE-X;Large Enterprise (+5000 employees);Unknown;NETHERLANDS;Amsterdam;Take a company wide perspective and generalize problems and data solutions with long term impact to Miele X, acting responsibly with respect to data privacy,…;21 day ago;76b49e5d0ccb76d6;https://nl.indeed.com/jobs?q=Data%20Scientist&l=Amsterdam&radius=10&start=0&lang=en&advn=5309530205622305&vjk=76b49e5d0ccb76d6
21;indeed;2;ING is looking for a passionate Data Scientist;ING;Large Enterprise (+5000 employees);Banking, Personal Banking, Wholesale Banking, FinTech, Retail Banking, Online Banking, Private banking, Mobile banking, Mobile payments, Innovation, agile, blockchain, Sustainability;NETHERLANDS;Amsterdam+3 plaatsen;You support the squad’s product owners with refining and planning vague business questions into sprints and deliver in collaboration with other data scientist…;4 day ago;5e62414de7a27051;https://nl.indeed.com/jobs?q=Data%20Scientist&l=Amsterdam&radius=10&start=10&lang=en&vjk=5e62414de7a27051
22;linkedin;2;Data Scientist;EURANOVA;Large Enterprise (+5000 employees);Engineering, Management, Architecture, Data Analytics, IT Analytics, Data Science, Machine Learning;BELGIUM;Ottignies-Louvain-la-Neuve;;28 day ago;2710243116;https://be.linkedin.com/jobs/view/data-scientist-at-euranova-2710243116?refId=CyVS1PswljJpH9mdEjRa1Q%3D%3D&trackingId=VtHU%2Fp55ttW1vY4OhvFcSA%3D%3D&position=12&pageNum=0&trk=public_jobs_jserp-result_search-card
23;linkedin;2;Principal Data Scientist;ACA IT-SOLUTIONS;Large Enterprise (+5000 employees);Enterprise Application Development, ECM Document Management (Alfresco), Enterprise Portal Solutions, Mobile Solutions, Consultancy & Training, JIRA Project Management, Enterprise Content Management, Confluence Collaboration Tools, Outsourcing, Consultancy, Blockchain;BELGIUM;Flemish Region;;<1 day ago;2742663295;https://be.linkedin.com/jobs/view/principal-data-scientist-at-aca-it-solutions-2742663295?refId=CyVS1PswljJpH9mdEjRa1Q%3D%3D&trackingId=ghz47V5K7em6oGpeoiSXHg%3D%3D&position=14&pageNum=0&trk=public_jobs_jserp-result_search-card
24;linkedin;2;Data Scientist;AG INSURANCE;Large Enterprise (+5000 employees);Insurance;BELGIUM;Brussels Metropolitan Area;;7 day ago;2738558961;https://be.linkedin.com/jobs/view/data-scientist-at-ag-insurance-2738558961?refId=CyVS1PswljJpH9mdEjRa1Q%3D%3D&trackingId=ct%2BZj3JKdjFvuliKoVyPsA%3D%3D&position=16&pageNum=0&trk=public_jobs_jserp-result_search-card
25;linkedin;2;Data Scientist;PAUWELS CONSULTING;Large Enterprise (+5000 employees);Projectsourcing, Engineering, Life Sciences, IT, Corporate Recruitment, Consultancy;BELGIUM;Brussels;;7 day ago;2710448405;https://be.linkedin.com/jobs/view/data-scientist-at-pauwels-consulting-2710448405?refId=CyVS1PswljJpH9mdEjRa1Q%3D%3D&trackingId=k7VXmbf1MzsJO7M8cp1NQA%3D%3D&position=17&pageNum=0&trk=public_jobs_jserp-result_search-card
26;linkedin;2;Data Scientist;TOPTAL;Large Enterprise (+5000 employees);Software Engineering, iOS, Ruby on Rails, LAMP, .NET, Java, Python, JavaScript, C++, C#, HTML5/CSS3, PHP, Scala, Objective-C, SharePoint, Salesforce, Android, Node.js, Django, MATLAB;BELGIUM;Brussels;;<1 day ago;2745717411;https://be.linkedin.com/jobs/view/data-scientist-at-toptal-2745717411?refId=CyVS1PswljJpH9mdEjRa1Q%3D%3D&trackingId=SAKFUll4intCYSJlLKxDwQ%3D%3D&position=18&pageNum=0&trk=public_jobs_jserp-result_search-card
27;indeed;2;Junior Business Analyst / Data Analyst;COGNIZANT TECHNOLOGY SOLUTIONS;Large Enterprise (+5000 employees);Interactive, Intelligent Process Automation, Digital Engineering, Industry & Platform Solutions, Internet of Things, Artificial Intelligence, Cloud, Data , Healthcare, Banking, Finance , Fintech, Manufacturing, Retail, Technology , Salesforce ;BELGIUM;Brussel;Collaborate with business data owners/data stewards to understand their data, their data needs and business context. Knowledge on data mapping / mining.;15 day ago;b0542ab5ea81665a;https://be.indeed.com/jobs?q=Data%20Scientist&l=Brussels&radius=10&start=40&lang=en&vjk=b0542ab5ea81665a
28;linkedin;2;Data Scientist III;EXPEDIA GROUP;Large Enterprise (+5000 employees);Technology, Travel, Ecommerce, Sales, Hotels, Big Data, Mobile, Business Development, SEO, SEM, Hospitality, Airfare;SWITZERLAND;Geneva;;28 day ago;2742688615;https://ch.linkedin.com/jobs/view/data-scientist-iii-at-expedia-group-2742688615?refId=1sJliK4EG4mDIsjM34onrA%3D%3D&trackingId=TBJKRQjbGt6M2HCmUaRpkg%3D%3D&position=2&pageNum=0&trk=public_jobs_jserp-result_search-card
29;linkedin;2;Data Scientist;SOLVAY;Large Enterprise (+5000 employees);Chemistry;BELGIUM;Brussels;;30 day ago;2722494731;https://be.linkedin.com/jobs/view/data-scientist-at-solvay-2722494731?refId=CyVS1PswljJpH9mdEjRa1Q%3D%3D&trackingId=ZlS1NA8OklBG2R40rAXnhA%3D%3D&position=21&pageNum=0&trk=public_jobs_jserp-result_search-card
30;linkedin;2;Data Scientist .;TELENET;Large Enterprise (+5000 employees);Internet, Television, Telephony, Entertainment;BELGIUM;Mechelen;;14 day ago;2339032915;https://be.linkedin.com/jobs/view/data-scientist-at-telenet-2339032915?refId=CyVS1PswljJpH9mdEjRa1Q%3D%3D&trackingId=d2GcoXwWRsNoOcoVxNBd0A%3D%3D&position=23&pageNum=0&trk=public_jobs_jserp-result_search-card
31;linkedin;2;Data Scientist;EXPERIS BELGIUM;Large Enterprise (+5000 employees);IT, Healthcare, Executive, Technology;BELGIUM;Brussels;;3 day ago;2743452151;https://be.linkedin.com/jobs/view/data-scientist-at-experis-belgium-2743452151?refId=CyVS1PswljJpH9mdEjRa1Q%3D%3D&trackingId=WNc2NADvREKiM9z0Eky%2BWQ%3D%3D&position=24&pageNum=0&trk=public_jobs_jserp-result_search-card
32;linkedin;2;ML Data Scientist;COGNIZANT;Large Enterprise (+5000 employees);Interactive, Intelligent Process Automation, Digital Engineering, Industry & Platform Solutions, Internet of Things, Artificial Intelligence, Cloud, Data , Healthcare, Banking, Finance , Fintech, Manufacturing, Retail, Technology , Salesforce ;BELGIUM;Brussels;;28 day ago;2745212925;
33;indeed;2;Risk Data Scientist;SIA PARTNERS;Large Enterprise (+5000 employees);Banking, Energy & Environment, HR &  Transformation, Manufacturing, Telecommunications, Actuarial Sciences, Government, CFO Advisory, CIO Advisory, Data Science, Insurance, Transportation & Logistics, Marketing & Customer Experience, Digital Transformation, Change Management, Procurement & Sourcing, Corporate Strategy, Operational Excellence, Healthcare;NETHERLANDS;Amsterdam Oost;As a risk data scientist you will be working on various client projects as well as on building our own Sia AI solutions, together with our French Data…;17 day ago;34ca6685ee8417fe;https://nl.indeed.com/jobs?q=Data%20Scientist&l=Amsterdam&radius=10&start=10&lang=en&vjk=34ca6685ee8417fe
34;indeed;2;GoDataDriven - Data Scientist;XEBIA GROUP;Large Enterprise (+5000 employees);IT Consultancy, Continuous Delivery, Offshore Services, Deployment Automation, Digital Transformation, Agile Transformations, Agile Product Management, DevOps, Big Data & Data Science, Cloud Infrastructures, Agile Software Development, Blockchain, Quality & Test Automation, Classroom Training, In-Company Training, Artificial intelligence, Machine Learning;NETHERLANDS;Amsterdam Oost+1 plaats•Tijdelijk thuiswerken;To make data intensive-applications work effectively and securely. Together with a machine learning engineer or data engineer, you help to get the model into…;30 day ago;2ca1e2a5abafc3ad;https://nl.indeed.com/jobs?q=Data%20Scientist&l=Amsterdam&radius=10&start=10&lang=en&vjk=2ca1e2a5abafc3ad
35;linkedin;2;Data Analysis and Data Science Associate (m/f);PWC LUXEMBOURG;Large Enterprise (+5000 employees);Assurance, Tax, Advisory;LUXEMBOURG;Luxembourg;;30 day ago;2721394748;https://lu.linkedin.com/jobs/view/data-analysis-and-data-science-associate-m-f-at-pwc-luxembourg-2721394748?refId=B83nYIh4Dchq7P9xa2BYpA%3D%3D&trackingId=lnM3g0piD1lZtci%2B8dlrhQ%3D%3D&position=6&pageNum=0&trk=public_jobs_jserp-result_search-card
36;indeed;2;NLP Data Scientist;ING;Large Enterprise (+5000 employees);Banking, Personal Banking, Wholesale Banking, FinTech, Retail Banking, Online Banking, Private banking, Mobile banking, Mobile payments, Innovation, agile, blockchain, Sustainability;NETHERLANDS;Amsterdam;As an NLP data scientist, you understand business needs, perform data preprocessing and analysis, and build machine learning models for speech and text data to…;30 day ago;c763e65c4faf43bc;https://nl.indeed.com/jobs?q=Data%20Scientist&l=Amsterdam&radius=10&start=30&lang=en&vjk=c763e65c4faf43bc
37;linkedin;2;Data Scientist II, Alexa;AMAZON;Large Enterprise (+5000 employees);e-Commerce, Retail, Operations, Internet;LUXEMBOURG;Luxembourg;;<1 day ago;2688451004;https://lu.linkedin.com/jobs/view/data-scientist-ii-alexa-at-amazon-2688451004?refId=B83nYIh4Dchq7P9xa2BYpA%3D%3D&trackingId=sq%2F0goP3u73LyCLH2I6rsQ%3D%3D&position=5&pageNum=0&trk=public_jobs_jserp-result_search-card
38;linkedin;2;Data Scientist, Inventory Management;AMAZON;Large Enterprise (+5000 employees);e-Commerce, Retail, Operations, Internet;LUXEMBOURG;Luxembourg;;7 day ago;2658207200;https://lu.linkedin.com/jobs/view/data-scientist-inventory-management-at-amazon-2658207200?refId=B83nYIh4Dchq7P9xa2BYpA%3D%3D&trackingId=DsoZDrhJ4Ou%2FEjb3ClO4vQ%3D%3D&position=4&pageNum=0&trk=public_jobs_jserp-result_search-card
39;linkedin;2;Data Scientist;AMAZON;Large Enterprise (+5000 employees);e-Commerce, Retail, Operations, Internet;LUXEMBOURG;Luxembourg;;7 day ago;2705288215;https://lu.linkedin.com/jobs/view/data-scientist-at-amazon-2705288215?refId=B83nYIh4Dchq7P9xa2BYpA%3D%3D&trackingId=567Y5V38yWhmwZObkhsI8A%3D%3D&position=1&pageNum=0&trk=public_jobs_jserp-result_search-card
40;linkedin;2;Data Scientist;TOPTAL;Large Enterprise (+5000 employees);Software Engineering, iOS, Ruby on Rails, LAMP, .NET, Java, Python, JavaScript, C++, C#, HTML5/CSS3, PHP, Scala, Objective-C, SharePoint, Salesforce, Android, Node.js, Django, MATLAB;SWITZERLAND;Geneva;;<1 day ago;2745720042;https://ch.linkedin.com/jobs/view/data-scientist-at-toptal-2745720042?refId=1sJliK4EG4mDIsjM34onrA%3D%3D&trackingId=vSE0KfD2hlj5L3TDCLX%2BYg%3D%3D&position=8&pageNum=0&trk=public_jobs_jserp-result_search-card
41;linkedin;2;Data Scientist;TOPTAL;Large Enterprise (+5000 employees);Software Engineering, iOS, Ruby on Rails, LAMP, .NET, Java, Python, JavaScript, C++, C#, HTML5/CSS3, PHP, Scala, Objective-C, SharePoint, Salesforce, Android, Node.js, Django, MATLAB;SWITZERLAND;Geneva;;14 day ago;2731795758;https://ch.linkedin.com/jobs/view/data-scientist-at-toptal-2731795758?refId=1sJliK4EG4mDIsjM34onrA%3D%3D&trackingId=wHVltl9FNNlCxMussgjSaA%3D%3D&position=9&pageNum=0&trk=public_jobs_jserp-result_search-card
42;indeed;2;Data Scientist - Amsterdam;C3 AI;Large Enterprise (+5000 employees);Platform as a Service (PaaS), Big Data, Data Science, Machine Learning, Cloud Computing, Enterprise Software Solutions, Predictive Analytics, Software as a Service (SaaS), Big Data Analytics Platform, Artificial Intelligence, Enterprise AI, CRM;NETHERLANDS;Amsterdam;Collaborating with data and subject matter experts from C3 AI and its customer teams to seek, understand, validate, interpret, and correctly use new data…;30 day ago;14ae50fb93357f5d;https://nl.indeed.com/jobs?q=Data%20Scientist&l=Amsterdam&radius=10&start=40&lang=en&vjk=14ae50fb93357f5d
43;indeed;2;Data Scientist - People Analytics;BOOKING.COM;Large Enterprise (+5000 employees);E-Commerce, Technology, Travel, Experiences;NETHERLANDS;Amsterdam;Strong skills in storytelling with data and translating business problems into data problems. Strong knowledge of data management (engineering, data pipelines,…;30 day ago;cd460dc22fcd16e1;https://nl.indeed.com/jobs?q=Data%20Scientist&l=Amsterdam&radius=10&start=40&lang=en&vjk=cd460dc22fcd16e1
44;linkedin;2;FULL STACK DATA SCIENTIST;RICHEMONT;Large Enterprise (+5000 employees);Jewellery, Watches, Leather goods, Writing instruments, Fashion, Accessories, Prestige Products, Luxury;SWITZERLAND;Bellevue;;7 day ago;2662223261;https://ch.linkedin.com/jobs/view/full-stack-data-scientist-at-richemont-2662223261?refId=1sJliK4EG4mDIsjM34onrA%3D%3D&trackingId=MjOVSMZwVF6NY5mZurO74g%3D%3D&position=5&pageNum=0&trk=public_jobs_jserp-result_search-card
45;indeed;2;Principal Data Scientist, Amsterdam or Remote Europe;ATLASSIAN;Large Enterprise (+5000 employees);b2b enterprise software, bug tracker, issue tracker, enterprise wiki, corporate wiki, business wiki, team collaboration, project management, downtime communication;NETHERLANDS;Amsterdam•Thuiswerken;You have experience in building business impacting analytic solutions and experience using data to influence operational teams.;30 day ago;9efe8213a889f828;https://nl.indeed.com/jobs?q=Data%20Scientist&l=Amsterdam&radius=10&start=30&lang=en&vjk=9efe8213a889f828
46;indeed;2;Data Science Model Validator;ING;Large Enterprise (+5000 employees);Banking, Personal Banking, Wholesale Banking, FinTech, Retail Banking, Online Banking, Private banking, Mobile banking, Mobile payments, Innovation, agile, blockchain, Sustainability;NETHERLANDS;Amsterdam;ING is in the forefront of digital banking and there is a huge talent pool of data scientists working on different kinds of data science models within the…;7 day ago;90297a4b07193018;https://nl.indeed.com/jobs?q=Data%20Scientist&l=Amsterdam&radius=10&start=30&lang=en&vjk=90297a4b07193018
47;indeed;2;Junior Data Scientist;IRECKONU;Small-sized Enterprise (11-50 employees);hotel software, hospitality, operational excellence, guest experience, guest intelligence, data science, hotel finance;NETHERLANDS;Amsterdam;As a data scientist you try to support hotels in the transition towards data-driven decision making. You will collaborate with the medior and senior data…;11 day ago;dcf4b59879b34154;https://nl.indeed.com/jobs?q=Data%20Scientist&l=Amsterdam&radius=10&start=30&lang=en&vjk=dcf4b59879b34154
48;indeed;2;In Vivo Data Scientist;UNIQURE;Large Enterprise (+5000 employees);aav, glybera, lpl;NETHERLANDS;Amsterdam;As a data scientist you are involved in designing, setting up and maintaining the data management system, planning in vivo experiments (primarily mice and rats)…;27 day ago;23c5b10f81b77733;https://nl.indeed.com/jobs?q=Data%20Scientist&l=Amsterdam&radius=10&start=30&lang=en&vjk=23c5b10f81b77733
49;indeed;2;Data Scientist - All Europe;MAJOREL CORPORATE;Large Enterprise (+5000 employees);Unknown;NETHERLANDS;Amsterdam;The data scientist is responsible for overseeing the collection, storage and interpretation of data for businesses. Build tools to automate data collection.;30 day ago;d8ce60fd4f974a6a;https://nl.indeed.com/jobs?q=Data%20Scientist&l=Amsterdam&radius=10&start=10&lang=en&vjk=d8ce60fd4f974a6a
50;indeed;2;Data Science Consultant;AMSTERDAM DATA COLLECTIVE;Large Enterprise (+5000 employees);Unknown;NETHERLANDS;Amsterdam;Clear vision on high-quality data science and data modelling. Amsterdam Data Collective is a full-stack data-science agency that helps build data-driven…;30 day ago;e31ae85871d2e826;https://nl.indeed.com/jobs?q=Data%20Scientist&l=Amsterdam&radius=10&start=20&lang=en&vjk=e31ae85871d2e826
51;indeed;2;Data Scientist Amsterdam, Netherlands Information Technology;PHILIP MORRIS INTERNATIONAL;Large Enterprise (+5000 employees);Unknown;NETHERLANDS;Amsterdam;Interact not only with other fellow data scientists and business partners, but also with data engineers, DevOps, data architects, security and privacy experts,…;30 day ago;38d998cb0fc859a5;https://nl.indeed.com/jobs?q=Data%20Scientist&l=Amsterdam&radius=10&start=20&lang=en&vjk=38d998cb0fc859a5
52;linkedin;2;Data Scientist;TOPTAL;Large Enterprise (+5000 employees);Software Engineering, iOS, Ruby on Rails, LAMP, .NET, Java, Python, JavaScript, C++, C#, HTML5/CSS3, PHP, Scala, Objective-C, SharePoint, Salesforce, Android, Node.js, Django, MATLAB;LUXEMBOURG;Luxembourg;;<1 day ago;2745717136;https://lu.linkedin.com/jobs/view/data-scientist-at-toptal-2745717136?refId=B83nYIh4Dchq7P9xa2BYpA%3D%3D&trackingId=wMQnWqjkaYTmHA%2FcOzwZaA%3D%3D&position=15&pageNum=0&trk=public_jobs_jserp-result_search-card
53;indeed;2;Data Scientist - Global Operations Advanced Analytics;ADIDAS;Large Enterprise (+5000 employees);apparel, footwear, premium fashion, sports brand, football, running, training, basketball, originals;NETHERLANDS;Amsterdam;The Data Scientists in the Brand Advanced Analytics team will support the development of data science methods for specific use cases across the full analytics…;30 day ago;816704302e89fc3f;https://nl.indeed.com/jobs?q=Data%20Scientist&l=Amsterdam&radius=10&start=20&lang=en&vjk=816704302e89fc3f
54;linkedin;2;Junior Data Scientist;MOZZENO;Medium-sized Enterprise (51-250 employees);lending, financing, collaborative, personal loans, business loans;BELGIUM;Wavre;;5 day ago;2739092630;https://be.linkedin.com/jobs/view/junior-data-scientist-at-mozzeno-2739092630?refId=CyVS1PswljJpH9mdEjRa1Q%3D%3D&trackingId=FW%2Ft0zTu4JxIoCg4R%2F2WTA%3D%3D&position=3&pageNum=0&trk=public_jobs_jserp-result_search-card
55;indeed;2;Data Scientist - McKinsey Analytics;MCKINSEY & COMPANY;Large Enterprise (+5000 employees);Management Consulting;NETHERLANDS;Amsterdam;You will apply data science methods to improve and optimize our clients performance needs, capture meaningful insights from data and turn them into competitive…;30 day ago;565c4e0c14611328;https://nl.indeed.com/jobs?q=Data%20Scientist&l=Amsterdam&radius=10&start=20&lang=en&vjk=565c4e0c14611328
56;indeed;2;Data Scientist and Analytics;FORNOVA;Large Enterprise (+5000 employees);Hotels and Motels, OTAs, Competitive Intelligence, B2B Data Solutions, Market Intelligence, Distribution Intelligence for Hotels, Hotel Chains and Groups, AI and Machine Learning for Hotels, Hotel Marketing, Online Hotel Distribution, Hospitality Technology Solutions, Competitor Benchmarking, Profitability Benchmarking, Rate Shopper, Revenue Management, Market Intelligence Data, Metasearch, Google Hotel Ads, Hotel Technology, Hotel Business Intelligence, Rate Parity, Google for Hotels, Hotel Rate Shopping, Google Pay Per Stay;NETHERLANDS;Amsterdam;2 – 3 years’ experience as BI engineer / data scientist / data analyst – Must. Maintain and improve the data pipeline. Open new opportunities out of the data.;30 day ago;c6a753e1e9260d29;https://nl.indeed.com/jobs?q=Data%20Scientist&l=Amsterdam&radius=10&start=10&lang=en&vjk=c6a753e1e9260d29
57;indeed;2;Data Scientist - Insights;CATAWIKI;Large Enterprise (+5000 employees);Unknown;NETHERLANDS;Amsterdam;You're a SQL Ninja who is not afraid of handling large volumes of data. Work with cross functional teams to find trends and opportunities in the data and make…;30 day ago;31f48fd9c8a7e509;https://nl.indeed.com/jobs?q=Data%20Scientist&l=Amsterdam&radius=10&start=10&lang=en&vjk=31f48fd9c8a7e509
58;indeed;2;Data Scientist;AKZONOBEL;Large Enterprise (+5000 employees);Unknown;NETHERLANDS;Amsterdam;Effectively partner within peer data scientists, management, and operational users to make data accurate and to make the process to manage data efficient.;30 day ago;961c80dd31784dca;https://nl.indeed.com/jobs?q=Data%20Scientist&l=Amsterdam&radius=10&start=10&lang=en&vjk=961c80dd31784dca
59;linkedin;2;Data Scientist;UBER;Large Enterprise (+5000 employees);Advertising, Design, Branding, Digital, Marketing, In Store, Outdoor, Social Media;NETHERLANDS;Amsterdam;;14 day ago;2705879259;https://nl.linkedin.com/jobs/view/data-scientist-at-uber-2705879259?refId=hPO6qy4mazidZvIA89OX1Q%3D%3D&trackingId=Ixd4z2QSLJ%2Fuu%2F8o2a9BrA%3D%3D&position=3&pageNum=0&trk=public_jobs_jserp-result_search-card
60;indeed;2;Data Scientist;BRAUN RECRUITMENT;Large Enterprise (+5000 employees);Werving & Selectie, Headhunting, Recruitment;NETHERLANDS;Amsterdam;We’re looking for an ambitious starter, with a master’s degree in computer science, artificial intelligence, data science, econometrics, business analytics or…;21 day ago;48d0723eb1e3bd70;https://nl.indeed.com/jobs?q=Data%20Scientist&l=Amsterdam&radius=10&start=10&lang=en&vjk=48d0723eb1e3bd70
61;indeed;2;Internship - Data Scientist;SOPRA STERIA PSF LUXEMBOURG;Unknown;Unknown;LUXEMBOURG;Luxembourg;Sopra Steria is looking for a *“Data scientist Intern”* in order to reinforce the team. Study the potential of Artificial Intelligence in Banking to identify…;26 day ago;4ca3aba62b7f6479;https://lu.indeed.com/jobs?q=Data%20Scientist&l=Luxembourg&radius=10&start=0&lang=en&vjk=4ca3aba62b7f6479
62;linkedin;2;Data Scientist (F/M) - BE832160;FYTE;Large Enterprise (+5000 employees);Recruitment, Purchasing and Logistics, Finance & Accounting, Legal & Social, Human resources, Sales & Marketing, Digital & Web, IT Systems, Luxury & Retail, Engineers and Technicians, Clerical and Secretarial, Recrutement, Finance, Comptabilité, Digital, Webmarketing, Ressources Humaines, Juridique, Assistanat, Administration des Ventes, Commercial, Marketing, Life Sciences, Dev, Technology;BELGIUM;Brussels;;2 day ago;2735125860;https://be.linkedin.com/jobs/view/data-scientist-f-m-be832160-at-fyte-2735125860?refId=CyVS1PswljJpH9mdEjRa1Q%3D%3D&trackingId=R6gjOd1ivBwKXIrWw4P41w%3D%3D&position=20&pageNum=0&trk=public_jobs_jserp-result_search-card
63;indeed;2;Data Scientist - Climate Analytics;MCKINSEY & COMPANY;Large Enterprise (+5000 employees);Management Consulting;BELGIUM;Brussel•Tijdelijk thuiswerken;McKinsey’s Climate Analytics team is a small, close-knit team of ~10 within a broader team called Sustainability Insights composed of data scientists, engineers…;30 day ago;d2029fc7469e30b4;https://be.indeed.com/jobs?q=Data%20Scientist&l=Brussels&radius=10&start=0&lang=en&vjk=d2029fc7469e30b4
64;indeed;2;Data Scientist;FLUXYS;Large Enterprise (+5000 employees);Unknown;BELGIUM;Brussel;Experience in business intelligence/data analytics. Modern data warehouse and data lake concepts and tools such as Azure Data Lake™, Azure Analysis Services™,…;30 day ago;fa8132304cb91f56;https://be.indeed.com/jobs?q=Data%20Scientist&l=Brussels&radius=10&start=0&lang=en&vjk=fa8132304cb91f56
65;linkedin;2;Data Scientist Insights;BOOKING.COM;Large Enterprise (+5000 employees);E-Commerce, Technology, Travel, Experiences;NETHERLANDS;Amsterdam;;7 day ago;2663114541;https://nl.linkedin.com/jobs/view/data-scientist-insights-at-booking-com-2663114541?refId=hPO6qy4mazidZvIA89OX1Q%3D%3D&trackingId=errPSZHt9v6TJvc%2BUSjL4g%3D%3D&position=13&pageNum=0&trk=public_jobs_jserp-result_search-card
66;indeed;2;Data Scientist - ACRE, Geospatial & Agriculture Analytics;MCKINSEY & COMPANY;Large Enterprise (+5000 employees);Management Consulting;BELGIUM;Brussel;You will use global data such as geospatial, biological, economic and climatological data to develop proprietary solutions.;30 day ago;3d44c1d1f05e2abf;https://be.indeed.com/jobs?q=Data%20Scientist&l=Brussels&radius=10&start=0&lang=en&vjk=3d44c1d1f05e2abf
67;linkedin;2;Data Scientist;ATOS;Large Enterprise (+5000 employees);Unknown;NETHERLANDS;Amsterdam;;28 day ago;2706670122;https://nl.linkedin.com/jobs/view/data-scientist-at-atos-2706670122?refId=hPO6qy4mazidZvIA89OX1Q%3D%3D&trackingId=RO225dHuvy1ioE0MzvfVsg%3D%3D&position=14&pageNum=0&trk=public_jobs_jserp-result_search-card
68;linkedin;2;Data Scientist;PHILIPS;Large Enterprise (+5000 employees);Healthcare, Medical Devices, Health systems, Cardiology, Healthtech, Oncology, Respiratory, Fertility, pregnancy, Connected Care;NETHERLANDS;Amsterdam;;21 day ago;2719809156;https://nl.linkedin.com/jobs/view/data-scientist-at-philips-2719809156?refId=hPO6qy4mazidZvIA89OX1Q%3D%3D&trackingId=Lcbl367O%2FqS1ZIv4V3fgLA%3D%3D&position=4&pageNum=0&trk=public_jobs_jserp-result_search-card
69;indeed;2;Data Scientist;SOLVAY;Large Enterprise (+5000 employees);Chemistry;BELGIUM;Brussel;Gather, transform & clean the necessary data. Support data analysts in industrializing their advanced analytics projects. Good communication skills in English.;30 day ago;5a729eaaf5cfbf03;https://be.indeed.com/jobs?q=Data%20Scientist&l=Brussels&radius=10&start=0&lang=en&vjk=5a729eaaf5cfbf03
70;indeed;2;Data Scientist;TEST-ACHATS;Large Enterprise (+5000 employees);Hotelreservierung zu Messen und Kongresse, Hotelzimmervermittlung, Veranstaltungsorganisation, Eventmanagement, Travel Management, MICE;BELGIUM;Brussel;Interact with our internal customers to understand their Analytics needs. Co-design, co-develop, deploy and maintain advanced Analytic models in support of…;30 day ago;5f63a4e97ab80a20;https://be.indeed.com/jobs?q=Data%20Scientist&l=Brussels&radius=10&start=0&lang=en&vjk=5f63a4e97ab80a20
71;indeed;2;Data Scientist for Supply Chain Analytics;PROCTER & GAMBLE;Large Enterprise (+5000 employees);Consumer Goods, Marketing, Advertising;BELGIUM;Brussel;You will act as primary evangelist for the power of technology, data, and predictive and prescriptive analysis.;4 day ago;346771b507240da7;https://be.indeed.com/jobs?q=Data%20Scientist&l=Brussels&radius=10&start=0&lang=en&vjk=346771b507240da7
72;linkedin;2;Data Scientist Insights - Customer Center Data - Accommodation;BOOKING.COM;Large Enterprise (+5000 employees);E-Commerce, Technology, Travel, Experiences;NETHERLANDS;Amsterdam;;21 day ago;2723644633;https://nl.linkedin.com/jobs/view/data-scientist-insights-customer-center-data-accommodation-at-booking-com-2723644633?refId=hPO6qy4mazidZvIA89OX1Q%3D%3D&trackingId=wA%2FBUaugEnqXUTOkTj3jfw%3D%3D&position=15&pageNum=0&trk=public_jobs_jserp-result_search-card
73;indeed;2;Data Scientist;EXPERIS BELGIUM;Large Enterprise (+5000 employees);IT, Healthcare, Executive, Technology;BELGIUM;Brussel;You have strong skills in programming, techniques and methods of statistics, machine learning , data mining and data visualization , and a good understanding of…;18 day ago;a6d0a9b011195c75;https://be.indeed.com/jobs?q=Data%20Scientist&l=Brussels&radius=10&start=0&lang=en&advn=5420367237490636&vjk=a6d0a9b011195c75
74;linkedin;2;Data Scientist Insights - Segments - Accommodation;BOOKING.COM;Large Enterprise (+5000 employees);E-Commerce, Technology, Travel, Experiences;NETHERLANDS;Amsterdam;;14 day ago;2707115399;https://nl.linkedin.com/jobs/view/data-scientist-insights-segments-accommodation-at-booking-com-2707115399?refId=hPO6qy4mazidZvIA89OX1Q%3D%3D&trackingId=Kh1DbI%2FR5jNjLyPG4CztyA%3D%3D&position=16&pageNum=0&trk=public_jobs_jserp-result_search-card
75;indeed;2;Data Scientist III - Partner Marketing;EXPEDIA;Large Enterprise (+5000 employees);Technology, Travel, Ecommerce, Sales, Hotels, Big Data, Mobile, Business Development, SEO, SEM, Hospitality, Airfare;SWITZERLAND;Genf;Keep abreast of latest data science development and coach the team on them. Develop a sound understanding of the business, the data and the technology stack to…;30 day ago;498847e1a7d02b0d;https://ch.indeed.com/jobs?q=Data%20Scientist&l=Geneva&radius=10&start=0&lang=en&vjk=498847e1a7d02b0d
76;indeed;2;Data Scientist III;EXPEDIA;Large Enterprise (+5000 employees);Technology, Travel, Ecommerce, Sales, Hotels, Big Data, Mobile, Business Development, SEO, SEM, Hospitality, Airfare;SWITZERLAND;Genf;Keep abreast of latest data science development and coach the team on them. Develop a sound understanding of the business, the data and the technology stack to…;30 day ago;89659c46e23a6dac;https://ch.indeed.com/jobs?q=Data%20Scientist&l=Geneva&radius=10&start=0&lang=en&vjk=89659c46e23a6dac
77;indeed;2;Data Scientist, Analytics II;EXPEDIA GROUP;Large Enterprise (+5000 employees);Technology, Travel, Ecommerce, Sales, Hotels, Big Data, Mobile, Business Development, SEO, SEM, Hospitality, Airfare;SWITZERLAND;Genf;Basic understanding of the fundamentals of big data architecture (streaming events, data lakes, analytics engines) and relational database models.;30 day ago;46b4b7cf3f5c4f90;https://ch.indeed.com/jobs?q=Data%20Scientist&l=Geneva&radius=10&start=0&lang=en&vjk=46b4b7cf3f5c4f90
78;indeed;2;FULL STACK DATA SCIENTIST;RICHEMONT;Large Enterprise (+5000 employees);Jewellery, Watches, Leather goods, Writing instruments, Fashion, Accessories, Prestige Products, Luxury;SWITZERLAND;Bellevue;The full stack data scientist will lead end-to-end challenging data projects with a high value in terms of ensuring Group Security.;30 day ago;5792ef321e7e566f;https://ch.indeed.com/jobs?q=Data%20Scientist&l=Geneva&radius=10&start=0&lang=en&vjk=5792ef321e7e566f
79;indeed;2;Data Scientist;PROCTER & GAMBLE (P&G) - SWITZERLAND;Large Enterprise (+5000 employees);Consumer Goods, Marketing, Advertising;SWITZERLAND;Lancy;You know how to tell a story with data. You have familiarity with beating data into submission with pandas, SQL, or Spark.;11 day ago;4f156f7edd1b845e;https://ch.indeed.com/jobs?q=Data%20Scientist&l=Geneva&radius=10&start=0&lang=en&vjk=4f156f7edd1b845e
80;indeed;2;Data Scientist ACAPS Switzerland Geneva;NORWEGIAN REFUGEE COUNCIL;Large Enterprise (+5000 employees);Shelter, Education, Emergency Food Security and Distribution, Water, Sanitation and Hygiene Sectors, Information, Councelling and Legal Assistance, Emergency Response, corporate partnerships, Refugees, Displaced People, Internally displaced people, IDP, human rights, Youth, social impact, Camp Management;SWITZERLAND;Genf;ACAPS is looking at strengthening the quantitative data analysis capacity within the organisation. Innovative approaches to collect more reliable and timely…;14 day ago;dc478115d0ac3a1b;https://ch.indeed.com/jobs?q=Data%20Scientist&l=Geneva&radius=10&start=0&lang=en&vjk=dc478115d0ac3a1b
81;indeed;2;Data Scientist (m/f);PROCTER & GAMBLE;Large Enterprise (+5000 employees);Consumer Goods, Marketing, Advertising;SWITZERLAND;Lancy;You know how to tell a story with data. You have familiarity with beating data into submission with pandas, SQL, or Spark.;4 day ago;aba2963020cc7faa;https://ch.indeed.com/jobs?q=Data%20Scientist&l=Geneva&radius=10&start=0&lang=en&vjk=aba2963020cc7faa
82;linkedin;2;Data Scientist;ACCENTURE THE NETHERLANDS;Large Enterprise (+5000 employees);Management Consulting, Systems Integration and Technology, Business Process Outsourcing, Application and Infrastructure Outsourcing, Technology services, IT services, artificial intelligence, cloud, robotics, robotic process automation, blockchain, IT security, analytics, big data, mobility;NETHERLANDS;Amsterdam;;60 day ago;2717502913;https://nl.linkedin.com/jobs/view/data-scientist-at-accenture-the-netherlands-2717502913?refId=hPO6qy4mazidZvIA89OX1Q%3D%3D&trackingId=ED2Jy1mYc45Zr%2FLlzGQcuQ%3D%3D&position=17&pageNum=0&trk=public_jobs_jserp-result_search-card
83;indeed;2;Internship in Health Data Science/Bioinformatics/Biostatisti...;LUXEMBOURG INSTITUTE OF HEALTH;Unknown;Unknown;LUXEMBOURG;Strassen;They will receive training in digital epidemiology research and data science and will have the opportunity to gain skills in data analysis, AI methods applied…;12 day ago;bd57fa6d8031cad1;https://lu.indeed.com/jobs?q=Data%20Scientist&l=Luxembourg&radius=10&start=30&lang=en&vjk=bd57fa6d8031cad1
84;linkedin;2;Data Scientist;PHILIPS DOMESTIC APPLIANCES;Large Enterprise (+5000 employees);Healthcare, Medical Devices, Health systems, Cardiology, Healthtech, Oncology, Respiratory, Fertility, pregnancy, Connected Care;NETHERLANDS;Amsterdam;;21 day ago;2719295845;https://nl.linkedin.com/jobs/view/data-scientist-at-philips-domestic-appliances-2719295845?refId=hPO6qy4mazidZvIA89OX1Q%3D%3D&trackingId=0u13enu5YSNzxI6avfkJlg%3D%3D&position=20&pageNum=0&trk=public_jobs_jserp-result_search-card
85;indeed;2;Internship in Health Data Science/Bioinformatics/Biostatisti...;LUXEMBOURG INSTITUTE OF HEALTH;Unknown;Unknown;LUXEMBOURG;Strassen;They will receive training in digital epidemiology research and data science and will have the opportunity to gain skills in data analysis, AI methods applied…;12 day ago;d21d392df82c50b4;https://lu.indeed.com/jobs?q=Data%20Scientist&l=Luxembourg&radius=10&start=10&lang=en&vjk=d21d392df82c50b4
86;linkedin;2;Junior Data Scientist;IRECKONU;Small-sized Enterprise (11-50 employees);hotel software, hospitality, operational excellence, guest experience, guest intelligence, data science, hotel finance;NETHERLANDS;Amsterdam;;21 day ago;2719013555;https://nl.linkedin.com/jobs/view/junior-data-scientist-at-ireckonu-2719013555?refId=hPO6qy4mazidZvIA89OX1Q%3D%3D&trackingId=Lp6TfM%2FIduZAeXPYCK8Pww%3D%3D&position=22&pageNum=0&trk=public_jobs_jserp-result_search-card
87;indeed;2;Intern in Data Science - UI/UX development (m/f);GOODYEAR;Large Enterprise (+5000 employees);Automotive, Aviation, Commercial, Consumer, Motorcycle, Earthmover, Retread, Careers, Chemicals, Retail, Manufacturing, Engineering;LUXEMBOURG;Colmar-Berg;Design a solution in collaboration with the customer, data scientists, data engineers, and cloud engineers. Fluency in English is a must.;4 day ago;8c6832958df30dbc;https://lu.indeed.com/jobs?q=Data%20Scientist&l=Luxembourg&radius=10&start=10&lang=en&vjk=8c6832958df30dbc
88;indeed;2;Intern in Data science and Analytics (m/f);GOODYEAR;Large Enterprise (+5000 employees);Automotive, Aviation, Commercial, Consumer, Motorcycle, Earthmover, Retread, Careers, Chemicals, Retail, Manufacturing, Engineering;LUXEMBOURG;Colmar-Berg;Validate results and ideas with senior data scientists and FEA engineers. Conduct a thorough analysis of the error residuals between the 2 sets of data.;4 day ago;ed280321c2591163;https://lu.indeed.com/jobs?q=Data%20Scientist&l=Luxembourg&radius=10&start=10&lang=en&vjk=ed280321c2591163
89;indeed;2;Internship in Health Data Science/Bioinformatics/Biostatisti...;LUXEMBOURG INSTITUTE OF HEALTH;Unknown;Unknown;LUXEMBOURG;Strassen;They will receive training in digital epidemiology research and data science and will have the opportunity to gain skills in data analysis, AI methods applied…;12 day ago;4e21f344a885defe;https://lu.indeed.com/jobs?q=Data%20Scientist&l=Luxembourg&radius=10&start=0&lang=en&vjk=4e21f344a885defe
90;linkedin;2;Data Scientist;PHILIP MORRIS INTERNATIONAL;Large Enterprise (+5000 employees);Unknown;NETHERLANDS;Amsterdam;;21 day ago;2717027353;https://nl.linkedin.com/jobs/view/data-scientist-at-philip-morris-international-2717027353?refId=hPO6qy4mazidZvIA89OX1Q%3D%3D&trackingId=kGUChwPefTdqN9rsg04X1A%3D%3D&position=23&pageNum=0&trk=public_jobs_jserp-result_search-card
91;linkedin;2;Data Scientist Insights - Content Agency;BOOKING.COM;Large Enterprise (+5000 employees);E-Commerce, Technology, Travel, Experiences;NETHERLANDS;Amsterdam;;4 day ago;2637311496;https://nl.linkedin.com/jobs/view/data-scientist-insights-content-agency-at-booking-com-2637311496?refId=hPO6qy4mazidZvIA89OX1Q%3D%3D&trackingId=ckfdhEw4k%2FlvFF5HMOVivQ%3D%3D&position=24&pageNum=0&trk=public_jobs_jserp-result_search-card
92;indeed;2;Machine Learning Data Scientist;TALKWALKER;Large Enterprise (+5000 employees);Crawling, Analytics, Social Media Monitoring, Big Data, Social Intelligence, Social Media, Research, Reporting, Social Listening, Consumer Intelligence, Conversational Intelligence, Voice of the Customer;LUXEMBOURG;Luxembourg;You have a strong grasp of statistics and data mining techniques. Be able to influence business and product delivery in a flexible company structure.;30 day ago;c3d70cec57e0d5d1;https://lu.indeed.com/jobs?q=Data%20Scientist&l=Luxembourg&radius=10&start=0&lang=en&vjk=c3d70cec57e0d5d1
93;linkedin;2;Data Scientist Insights - Marketing Messaging;BOOKING.COM;Large Enterprise (+5000 employees);E-Commerce, Technology, Travel, Experiences;NETHERLANDS;Amsterdam;;14 day ago;2653046443;https://nl.linkedin.com/jobs/view/data-scientist-insights-marketing-messaging-at-booking-com-2653046443?refId=hPO6qy4mazidZvIA89OX1Q%3D%3D&trackingId=8QGUPuVEWQ68oaL9kjwpLQ%3D%3D&position=25&pageNum=0&trk=public_jobs_jserp-result_search-card
94;linkedin;2;Data Scientist Insights - Accommodations;BOOKING.COM;Large Enterprise (+5000 employees);E-Commerce, Technology, Travel, Experiences;NETHERLANDS;Amsterdam;;<1 day ago;2645970864;https://nl.linkedin.com/jobs/view/data-scientist-insights-accommodations-at-booking-com-2645970864?refId=hPO6qy4mazidZvIA89OX1Q%3D%3D&trackingId=DqiCuWfFrZhGeYPN1AhYZg%3D%3D&position=12&pageNum=0&trk=public_jobs_jserp-result_search-card
95;linkedin;2;Data Scientist (m/f);PROCTER & GAMBLE;Large Enterprise (+5000 employees);Consumer Goods, Marketing, Advertising;SWITZERLAND;Petit Lancy;;14 day ago;2721721208;https://ch.linkedin.com/jobs/view/data-scientist-m-f-at-procter-gamble-2721721208?refId=1sJliK4EG4mDIsjM34onrA%3D%3D&trackingId=Hj5TSdVfK7%2B1bk0IJG1s2A%3D%3D&position=1&pageNum=0&trk=public_jobs_jserp-result_search-card
96;indeed;2;Data Scientist M/W/X;OVIZIO IMAGING SYSTEMS;Large Enterprise (+5000 employees);Cell viability, T cells, HEK cells, Viral vectors, cGMP, CAR-T, Gene therapy, Vaccine production, Bioprocessing, Manufacturing, Cell therapy, Holographic imaging, 3D microscopy, Flow cytometry, Cell counting, Imaging living cells, Viral load detection, Machine learning software;BELGIUM;Ukkel;Improve the data presentation software to serve our Life Science customer needs. Using various dataset types (dataframes or images) and dataset sizes (from…;15 day ago;f751c45774837188;https://be.indeed.com/jobs?q=Data%20Scientist&l=Brussels&radius=10&start=0&lang=en&vjk=f751c45774837188
97;indeed;2;Data Integration - Data scientist;INTRASOFT INTERNATIONAL;Large Enterprise (+5000 employees);Information Technology, Public Sector Solutions, Information & Communication Services, Telcos & Enterprises Solutions, SAP Consulting, Healthcare, Transport & Education Solutions, Banking Solutions, Application Development, Outsourcing Services, Systems Integration;BELGIUM;Brussel;"Data analytics and data mining; Business intelligence technologies, including ETL, online analytical data processing, data analytics, reporting, data & text…";30 day ago;e2ee5ee5a20a1782;https://be.indeed.com/jobs?q=Data%20Scientist&l=Brussels&radius=10&start=10&lang=en&vjk=e2ee5ee5a20a1782
98;indeed;2;Data Scientist (F/M);FYTE;Large Enterprise (+5000 employees);Recruitment, Purchasing and Logistics, Finance & Accounting, Legal & Social, Human resources, Sales & Marketing, Digital & Web, IT Systems, Luxury & Retail, Engineers and Technicians, Clerical and Secretarial, Recrutement, Finance, Comptabilité, Digital, Webmarketing, Ressources Humaines, Juridique, Assistanat, Administration des Ventes, Commercial, Marketing, Life Sciences, Dev, Technology;BELGIUM;Brussel;"You will lead data optimization projects ; You will transform business requests into data requirements ; You will identify high-value use cases through data…";29 day ago;4c97eeeaca08f753;https://be.indeed.com/jobs?q=Data%20Scientist&l=Brussels&radius=10&start=20&lang=en&vjk=4c97eeeaca08f753
99;indeed;2;Data Scientist Analyst;GENTIS RECRUITMENT;Large Enterprise (+5000 employees);Recruitment, Staffing, Headhunting, Interim Management, IT, Engineering, Life Sciences, Oil & Gas, Freelance, Permanent, Construction, Supply Chain, Finance, Technical Sales, Digital Marketing, consulting;BELGIUM;Brussel;Work closely with data scientists & data engineers, products developers and others analyticals consultants. Use advances statistics, optimization techniques and…;30 day ago;e64d88df1e9bd20b;https://be.indeed.com/jobs?q=Data%20Scientist&l=Brussels&radius=10&start=20&lang=en&vjk=e64d88df1e9bd20b
100;indeed;2;Financial Data Scientist;EUROCLEAR;Large Enterprise (+5000 employees);Financial services, Asset servicing, Collateral Management, Issuer services, Settlement, Fund services, Triparty repo, Capital Markets, Market infrastructures, Innovation, Blockchain, Securities, T2S, Target2 Securities, Connectivity, Automation, Reference Data, Liquidity Data, ETFs, FMI;BELGIUM;Brussel;Designs data integrations and data quality framework. Performs data analysis required to troubleshoot data related issues and assist in the resolution of data…;30 day ago;6ca4316cc65871a9;https://be.indeed.com/jobs?q=Data%20Scientist&l=Brussels&radius=10&start=0&lang=en&vjk=6ca4316cc65871a9
101;linkedin;2;Data Scientist Insights - Flights;BOOKING.COM;Large Enterprise (+5000 employees);E-Commerce, Technology, Travel, Experiences;NETHERLANDS;Amsterdam;;3 day ago;2689517358;https://nl.linkedin.com/jobs/view/data-scientist-insights-flights-at-booking-com-2689517358?refId=hPO6qy4mazidZvIA89OX1Q%3D%3D&trackingId=Fhi76FYVRV9M7aegatLuXg%3D%3D&position=9&pageNum=0&trk=public_jobs_jserp-result_search-card
102;indeed;2;Principal Data Scientist;CLARIVATE ANALYTICS;Large Enterprise (+5000 employees);Scientific and academic research, patent analytics and regulatory standards, pharmaceutical and biotech intelligence, trademark protection, domain brand protection, intellectual property management., Life science research, Patent analytics, Regulatory Standards, Technology, Trademark Research, IP and Standards, Intellectual Property Management, Anti-Fraud, Brand Protection, Anti-Piracy, Proprietary Software, Data analytics, Predictive data, Clinical Trial Research, Competitive Intelligence;BELGIUM;Oudergem;Explores existing data for insights and recommends additional sources of data for improvements. Identifies new applications of ML and NLP in the context of…;30 day ago;f0d711b8eb66098f;https://be.indeed.com/jobs?q=Data%20Scientist&l=Brussels&radius=10&start=20&lang=en&vjk=f0d711b8eb66098f
103;indeed;2;Big Data developer - Data Scientist;GENTIS RECRUITMENT;Large Enterprise (+5000 employees);Recruitment, Staffing, Headhunting, Interim Management, IT, Engineering, Life Sciences, Oil & Gas, Freelance, Permanent, Construction, Supply Chain, Finance, Technical Sales, Digital Marketing, consulting;BELGIUM;Brussel;Collaborate with data scientist and data product owner. Input and output of data on the Data Lake,. Minimum 3 years of relevant experience in big data…;30 day ago;77d8d39042b23b88;https://be.indeed.com/jobs?q=Data%20Scientist&l=Brussels&radius=10&start=20&lang=en&vjk=77d8d39042b23b88
104;linkedin;2;Lead Data Scientist;PHILIPS;Large Enterprise (+5000 employees);Healthcare, Medical Devices, Health systems, Cardiology, Healthtech, Oncology, Respiratory, Fertility, pregnancy, Connected Care;NETHERLANDS;Amsterdam;;21 day ago;2719669030;https://nl.linkedin.com/jobs/view/lead-data-scientist-at-philips-2719669030?refId=hPO6qy4mazidZvIA89OX1Q%3D%3D&trackingId=cwgfKxWWiAq4kw9idlXIyQ%3D%3D&position=10&pageNum=0&trk=public_jobs_jserp-result_search-card
105;indeed;2;ML Data Scientist;COGNIZANT TECHNOLOGY SOLUTIONS;Large Enterprise (+5000 employees);Interactive, Intelligent Process Automation, Digital Engineering, Industry & Platform Solutions, Internet of Things, Artificial Intelligence, Cloud, Data , Healthcare, Banking, Finance , Fintech, Manufacturing, Retail, Technology , Salesforce ;BELGIUM;Brussel;Basic data engineering skills Core Engineering skills (versioning, ci/cd, high quality, automated testing, scalability). Engg degree or relevant degree.;25 day ago;608a047d144bbc60;https://be.indeed.com/jobs?q=Data%20Scientist&l=Brussels&radius=10&start=20&lang=en&vjk=608a047d144bbc60
106;indeed;2;Data Scientist;GENTIS RECRUITMENT;Large Enterprise (+5000 employees);Recruitment, Staffing, Headhunting, Interim Management, IT, Engineering, Life Sciences, Oil & Gas, Freelance, Permanent, Construction, Supply Chain, Finance, Technical Sales, Digital Marketing, consulting;BELGIUM;Brussel;You have at least 2 years of experience. You speak French & English - Dutch is a plus. You have experience with AI, Machine learning, Pyhton, SQL.;30 day ago;9f3e41918edcb124;https://be.indeed.com/jobs?q=Data%20Scientist&l=Brussels&radius=10&start=20&lang=en&vjk=9f3e41918edcb124
107;linkedin;2;Data Scientist - People Analytics;BOOKING.COM;Large Enterprise (+5000 employees);E-Commerce, Technology, Travel, Experiences;NETHERLANDS;Amsterdam;;14 day ago;2678010372;https://nl.linkedin.com/jobs/view/data-scientist-people-analytics-at-booking-com-2678010372?refId=hPO6qy4mazidZvIA89OX1Q%3D%3D&trackingId=Gi4rjXEOl4QNpWP8pj2R8g%3D%3D&position=8&pageNum=0&trk=public_jobs_jserp-result_search-card
108;indeed;2;Data Scientist;LUXOFT;Large Enterprise (+5000 employees);Application Software Development, Product Engineering, Testing, Software Quality Assurance, IT Infrastructure Management, Architecture Consulting, Security Consulting, Automotive Software, Energy Software, Telecom Software, Software, Blockchain, Consulting, Digital Engineering, Telecom;BELGIUM;Brussel;Ability to use data visualization tools to showcase data for stakeholders. Experience applying and understanding data architectures.;30 day ago;29a09492e1928191;https://be.indeed.com/jobs?q=Data%20Scientist&l=Brussels&radius=10&start=10&lang=en&vjk=29a09492e1928191
109;linkedin;2;Data Scientist;EY;Large Enterprise (+5000 employees);Unknown;NETHERLANDS;Amsterdam;;<1 day ago;2714026670;https://nl.linkedin.com/jobs/view/data-scientist-at-ey-2714026670?refId=hPO6qy4mazidZvIA89OX1Q%3D%3D&trackingId=x2rMo5shHFDvr78nJ%2FiinA%3D%3D&position=6&pageNum=0&trk=public_jobs_jserp-result_search-card
110;linkedin;2;Data Scientist - Global Operations Advanced Analytics;ADIDAS;Large Enterprise (+5000 employees);apparel, footwear, premium fashion, sports brand, football, running, training, basketball, originals;NETHERLANDS;Amsterdam;;28 day ago;2734446180;https://nl.linkedin.com/jobs/view/data-scientist-global-operations-advanced-analytics-at-adidas-2734446180?refId=hPO6qy4mazidZvIA89OX1Q%3D%3D&trackingId=Ck47BeCn9JZmuYSq%2B8rt1g%3D%3D&position=5&pageNum=0&trk=public_jobs_jserp-result_search-card
111;indeed;2;Manufacturing & Supply Chain Data Scientist;ACCENTURE;Large Enterprise (+5000 employees);Management Consulting, Systems Integration and Technology, Business Process Outsourcing, Application and Infrastructure Outsourcing;BELGIUM;Brussel;Visualize the data and model results through dynamic dashboards. We embed AI-powered data, analytics and automation capabilities into business workflows to…;30 day ago;738a1275b739b0c2;https://be.indeed.com/jobs?q=Data%20Scientist&l=Brussels&radius=10&start=10&lang=en&vjk=738a1275b739b0c2
112;indeed;2;Junior Data Scientist;SPARAGUS;Small-sized Enterprise (11-50 employees);Contract Recruitment, Permanent and Temp to Permanent Contract, Onsite Recruitment;BELGIUM;Brussel;Used a data visualisation technology, like Tableau, Power BI or Qlik. Worked with open source data science libraries and understand how to apply them to various…;30 day ago;77f9eee62abfd878;https://be.indeed.com/jobs?q=Data%20Scientist&l=Brussels&radius=10&start=10&lang=en&vjk=77f9eee62abfd878
113;indeed;2;Data Scientist;LUMINUS;Large Enterprise (+5000 employees);Olie en energie, Energieproductie en -leverancier, Groene energie, Innovatie energiediensten, energiediensten, hernieuwbare energie, energy services, renewables, renewable energy;BELGIUM;Brussel;The data scientist has a strong background in data science and at the same time has a very strong business affinity.;26 day ago;53ebb291809986b3;https://be.indeed.com/jobs?q=Data%20Scientist&l=Brussels&radius=10&start=10&lang=en&vjk=53ebb291809986b3
114;indeed;2;Data Scientist;PAUWELS CONSULTING;Large Enterprise (+5000 employees);Projectsourcing, Engineering, Life Sciences, IT, Corporate Recruitment, Consultancy;BELGIUM;Brussel;You are skilled in data mining using state-of-the-art methods and extending company’s data with third party sources of information when needed.;14 day ago;cddea30013e63fe7;https://be.indeed.com/jobs?q=Data%20Scientist&l=Brussels&radius=10&start=10&lang=en&vjk=cddea30013e63fe7
115;indeed;2;Industrial Data Scientist;SOLVAY;Large Enterprise (+5000 employees);Chemistry;BELGIUM;Brussel;Enhance data collection procedures to improve data quality and include information that is relevant for building better analytic systems.;30 day ago;56545e45c372fcab;https://be.indeed.com/jobs?q=Data%20Scientist&l=Brussels&radius=10&start=0&lang=en&vjk=56545e45c372fcab
116;indeed;2;Data Scientist;TEST-AANKOOP;Large Enterprise (+5000 employees);Serving consumer interests, Comparative surveys of products and services, Debate, proteste & claim;BELGIUM;Brussel;Interact with our internal customers to understand their Analytics needs. Co-design, co-develop, deploy and maintain advanced Analytic models in support of…;30 day ago;296458b89ac8bf9c;https://be.indeed.com/jobs?q=Data%20Scientist&l=Brussels&radius=10&start=30&lang=en&vjk=296458b89ac8bf9c
117;indeed;2;Data Scientist - ACRE (CommodityFX Analytics);MCKINSEY & COMPANY;Large Enterprise (+5000 employees);Management Consulting;BELGIUM;Brussel;ACRE is a team of ~45 expert consultants, data scientists, and engineers focused on bringing cutting-edge analytics to agriculture & related clients.;30 day ago;ba896bc11b0459ff;https://be.indeed.com/jobs?q=Data%20Scientist&l=Brussels&radius=10&start=0&lang=en&vjk=ba896bc11b0459ff
118;linkedin;1;Data Scientist / Analyst;VISSER & VAN BAARS BVBA;Unknown;Unknown;BELGIUM;Brussels;;4 day ago;2741207929;https://be.linkedin.com/jobs/view/data-scientist-analyst-at-visser-van-baars-bvba-2741207929?refId=CyVS1PswljJpH9mdEjRa1Q%3D%3D&trackingId=Gf767km%2FvV%2BvAKM4ja2y3w%3D%3D&position=22&pageNum=0&trk=public_jobs_jserp-result_search-card
119;linkedin;1;Digital Data Analyst/Scientist;BUZZ BROTHERS;Large Enterprise (+5000 employees);Digital Strategy, Creative Strategy, Content, Viral Marketing, Creative Development, Design, Consumer Insights, Social Media Marketing, Influence, Web Performance, AR/VR Installation, Motion Design;SWITZERLAND;Geneva;;<1 day ago;2742674389;https://ch.linkedin.com/jobs/view/digital-data-analyst-scientist-at-buzz-brothers-2742674389?refId=1sJliK4EG4mDIsjM34onrA%3D%3D&trackingId=cBmJOms2CqUstNMklNQ0Wg%3D%3D&position=3&pageNum=0&trk=public_jobs_jserp-result_search-card
120;linkedin;1;Data Scientist (H/F/X);ROSSEL;Intermediate-sized Enterprise (251-5000 employees);Presse & Publicité  multimédia;BELGIUM;Brussels;;5 day ago;2743882020;https://be.linkedin.com/jobs/view/data-scientist-h-f-x-at-rossel-2743882020?refId=CyVS1PswljJpH9mdEjRa1Q%3D%3D&trackingId=loOqseJ2WccMeI3Nj7xwhQ%3D%3D&position=19&pageNum=0&trk=public_jobs_jserp-result_search-card
121;linkedin;1;Data Scientist ACAPS Switzerland Geneva;NRC EUROPE - NORWEGIAN REFUGEE COUNCIL;Unknown;Unknown;SWITZERLAND;Geneva;;14 day ago;2729549270;https://ch.linkedin.com/jobs/view/data-scientist-acaps-switzerland-geneva-at-nrc-europe-norwegian-refugee-council-2729549270?refId=1sJliK4EG4mDIsjM34onrA%3D%3D&trackingId=%2F3WC9FKYMRKbx9mvsZYa%2Bg%3D%3D&position=7&pageNum=0&trk=public_jobs_jserp-result_search-card
122;linkedin;1;Data Scientist;REMARK;Startup (1-10 employees);Unknown;NETHERLANDS;Amsterdam;;14 day ago;2706985629;https://nl.linkedin.com/jobs/view/data-scientist-at-remark-2706985629?refId=hPO6qy4mazidZvIA89OX1Q%3D%3D&trackingId=%2BXEAf%2BZNF1x3J%2FmY6aVXBw%3D%3D&position=7&pageNum=0&trk=public_jobs_jserp-result_search-card
123;linkedin;1;Data Scientist;OPTIVER;Intermediate-sized Enterprise (251-5000 employees);Market Making, Business Operations, Tech, Trading;NETHERLANDS;Amsterdam;;21 day ago;2602471801;https://nl.linkedin.com/jobs/view/data-scientist-at-optiver-2602471801?refId=hPO6qy4mazidZvIA89OX1Q%3D%3D&trackingId=DJPJNpAWsu6Pj3xdn3Jx8w%3D%3D&position=21&pageNum=0&trk=public_jobs_jserp-result_search-card
124;linkedin;1;Data Scientist;OPTIVER;Intermediate-sized Enterprise (251-5000 employees);Market Making, Business Operations, Tech, Trading;NETHERLANDS;Amsterdam;;7 day ago;2523085824;https://nl.linkedin.com/jobs/view/data-scientist-at-optiver-2523085824?refId=hPO6qy4mazidZvIA89OX1Q%3D%3D&trackingId=lMY0JMla9mXddgRpXmHHEA%3D%3D&position=18&pageNum=0&trk=public_jobs_jserp-result_search-card
125;linkedin;1;Data Analyst & Adm Assistant;GIVAUDAN;Large Enterprise (+5000 employees);Fragrances & Flavours;SWITZERLAND;Vernier;;2 day ago;2742141947;https://ch.linkedin.com/jobs/view/data-analyst-adm-assistant-at-givaudan-2742141947?refId=cr0YmcrL%2FNskC8MHdVGZfg%3D%3D&trackingId=dbYhA7N06%2FwXnLy26sFmWA%3D%3D&position=23&pageNum=0&trk=public_jobs_jserp-result_search-card
126;linkedin;1;Data Scientist/Analyst;VISSER & VAN BAARS BVBA;Unknown;Unknown;BELGIUM;Brussels Metropolitan Area;;5 day ago;2740845190;https://be.linkedin.com/jobs/view/data-scientist-analyst-at-visser-van-baars-bvba-2740845190?refId=CyVS1PswljJpH9mdEjRa1Q%3D%3D&trackingId=4%2BhTX3KbEbevjwlyO8jQLQ%3D%3D&position=15&pageNum=0&trk=public_jobs_jserp-result_search-card
127;linkedin;1;Advanced Data Insight Analyst II (Partner Marketing);EXPEDIA GROUP;Large Enterprise (+5000 employees);Technology, Travel, Ecommerce, Sales, Hotels, Big Data, Mobile, Business Development, SEO, SEM, Hospitality, Airfare;SWITZERLAND;Geneva;;30 day ago;2720082386;https://ch.linkedin.com/jobs/view/advanced-data-insight-analyst-ii-partner-marketing-at-expedia-group-2720082386?refId=cr0YmcrL%2FNskC8MHdVGZfg%3D%3D&trackingId=608hg1ZdJS77EU0JAeKkHQ%3D%3D&position=11&pageNum=0&trk=public_jobs_jserp-result_search-card
128;linkedin;1;Logistics Data Analyst - Bilingual French and English;MICHAEL PAGE;Large Enterprise (+5000 employees);Unknown;SWITZERLAND;Geneva;;30 day ago;2722634916;https://ch.linkedin.com/jobs/view/logistics-data-analyst-bilingual-french-and-english-at-michael-page-2722634916?refId=cr0YmcrL%2FNskC8MHdVGZfg%3D%3D&trackingId=qinZU%2Fsqff%2F3A1LC6AqLhQ%3D%3D&position=13&pageNum=0&trk=public_jobs_jserp-result_search-card
129;linkedin;1;Chargé de projets Data Analyst (H/F);ROLEX;Large Enterprise (+5000 employees);Watchmaking;SWITZERLAND;Geneva;;1 day ago;2599971996;https://ch.linkedin.com/jobs/view/charg%C3%A9-de-projets-data-analyst-h-f-at-rolex-2599971996?refId=cr0YmcrL%2FNskC8MHdVGZfg%3D%3D&trackingId=NhVYYV67uGakkY3yoCME7w%3D%3D&position=18&pageNum=0&trk=public_jobs_jserp-result_search-card
130;linkedin;1;Data Scientist;CASHFORCE;Small-sized Enterprise (11-50 employees);Working Capital Management, Financial management, Cash Flow Management, Liquidity forecasting, Treasury Management, Cash management, Business Analytics, Cash Forecasting;BELGIUM;Antwerp Metropolitan Area;;7 day ago;2736161946;https://be.linkedin.com/jobs/view/data-scientist-at-cashforce-2736161946?refId=CyVS1PswljJpH9mdEjRa1Q%3D%3D&trackingId=50snVJlqn1RpqlauvgnE9A%3D%3D&position=13&pageNum=0&trk=public_jobs_jserp-result_search-card
131;linkedin;1;Data analyst (H/F);ROLEX;Large Enterprise (+5000 employees);Watchmaking;SWITZERLAND;Geneva;;7 day ago;2731698625;https://ch.linkedin.com/jobs/view/data-analyst-h-f-at-rolex-2731698625?refId=cr0YmcrL%2FNskC8MHdVGZfg%3D%3D&trackingId=U%2FkUiHrvC2ZG4uhathFPNw%3D%3D&position=25&pageNum=0&trk=public_jobs_jserp-result_search-card
132;linkedin;1;Data Scientist;AGILYTIC;Startup (1-10 employees);Customer Experience, Fraud Analytics, Churn Detection, Business Improvement, Data Analytics, Telecommunication, Retail, Advanced Modelling, Data Management, Business Reporting;BELGIUM;Brussels;;30 day ago;2726674007;https://be.linkedin.com/jobs/view/data-scientist-at-agilytic-2726674007?refId=CyVS1PswljJpH9mdEjRa1Q%3D%3D&trackingId=AB04FU9I5LZ0hsQuLmuPog%3D%3D&position=11&pageNum=0&trk=public_jobs_jserp-result_search-card
133;linkedin;1;Data Scientist;STIB / MIVB;Startup (1-10 employees);Mantelzorgondersteuning, Vrijwilligerswerk;BELGIUM;Brussels;;21 day ago;2716478337;
134;linkedin;1;Data Scientist - Young Graduate Opportunity;KASPARD;Small-sized Enterprise (11-50 employees);Unknown;BELGIUM;Brussels Metropolitan Area;;1 day ago;2742418147;https://be.linkedin.com/jobs/view/data-scientist-young-graduate-opportunity-at-kaspard-2742418147?refId=CyVS1PswljJpH9mdEjRa1Q%3D%3D&trackingId=izx6svzkDbjJ%2BkJh6OTDGw%3D%3D&position=1&pageNum=0&trk=public_jobs_jserp-result_search-card
135;linkedin;1;Data Scientist;GSK;Unknown;Unknown;BELGIUM;Wavre;;4 day ago;2710785618;https://be.linkedin.com/jobs/view/data-scientist-at-gsk-2710785618?refId=CyVS1PswljJpH9mdEjRa1Q%3D%3D&trackingId=piixmbXiHB0pqMSQQo0Dbg%3D%3D&position=2&pageNum=0&trk=public_jobs_jserp-result_search-card
136;linkedin;1;Data Scientist;ROSSEL ADVERTISING;Intermediate-sized Enterprise (251-5000 employees);Presse & Publicité  multimédia;BELGIUM;Brussels;;7 day ago;2731611035;https://be.linkedin.com/jobs/view/data-scientist-at-rossel-advertising-2731611035?refId=CyVS1PswljJpH9mdEjRa1Q%3D%3D&trackingId=DH2TRqqcAPljWTcFq8lzyg%3D%3D&position=9&pageNum=0&trk=public_jobs_jserp-result_search-card
137;linkedin;1;Data Scientist;&WORK;Unknown;Unknown;BELGIUM;Aalst;;1 day ago;2742181602;https://be.linkedin.com/jobs/view/data-scientist-at-work-2742181602?refId=CyVS1PswljJpH9mdEjRa1Q%3D%3D&trackingId=FRgVyMV%2BealB%2FtF%2FjppIOg%3D%3D&position=4&pageNum=0&trk=public_jobs_jserp-result_search-card
138;linkedin;1;Data scientist;POSITIVE THINKING COMPANY;Startup (1-10 employees);recruitment, executive search, careers consulting, outplacement services, technology, finance, support and administration;BELGIUM;Brussels;;28 day ago;2711120954;https://be.linkedin.com/jobs/view/data-scientist-at-positive-thinking-company-2711120954?refId=CyVS1PswljJpH9mdEjRa1Q%3D%3D&trackingId=rTp1ZbjdQHmF6N%2FQXzDwfw%3D%3D&position=8&pageNum=0&trk=public_jobs_jserp-result_search-card
139;linkedin;1;Data Scientist;BRUSSELS AIRPORT COMPANY;Small-sized Enterprise (11-50 employees);relaxation, stress management, Burnout Prevention, Yoga Classes, Sophrology Classes, Meditation Classes, Brief Therapies, Training Programs;BELGIUM;Brussels;;6 day ago;2625852741;https://be.linkedin.com/jobs/view/data-scientist-at-brussels-airport-company-2625852741?refId=CyVS1PswljJpH9mdEjRa1Q%3D%3D&trackingId=EyAivmOb%2B5Kz2EpjBTfoXQ%3D%3D&position=5&pageNum=0&trk=public_jobs_jserp-result_search-card
140;linkedin;1;Data Scientist;GAZELLE GLOBAL;Startup (1-10 employees);City bicycles, Electric bicycles;NETHERLANDS;Amsterdam;;<1 day ago;2742634332;https://nl.linkedin.com/jobs/view/data-scientist-at-gazelle-global-2742634332?refId=hPO6qy4mazidZvIA89OX1Q%3D%3D&trackingId=W2HedKVu%2BnRc2WXJB6dXrQ%3D%3D&position=2&pageNum=0&trk=public_jobs_jserp-result_search-card
141;indeed;1;Full Stack Data Scientist;CLOUDFLIGHT;Small-sized Enterprise (11-50 employees);Unknown;NETHERLANDS;Amsterdam;Design and implement tailor-made Machine Learning solutions specific to our customers – from a first PoC and MVP to fully scalable applications operated in…;30 day ago;4460d278a25ad495;https://nl.indeed.com/jobs?q=Data%20Scientist&l=Amsterdam&radius=10&start=10&lang=en&vjk=4460d278a25ad495
142;linkedin;1;Data Scientist;JOBS VIA EFINANCIALCAREERS;Intermediate-sized Enterprise (251-5000 employees);Unknown;LUXEMBOURG;Luxembourg;;28 day ago;2711453932;https://lu.linkedin.com/jobs/view/data-scientist-at-jobs-via-efinancialcareers-2711453932?refId=to5kHmeUXgO0iSlk%2FDGCaA%3D%3D&trackingId=GMD1str8W7LrlfH%2BSIHeLw%3D%3D&position=6&pageNum=0&trk=public_jobs_jserp-result_search-card
143;indeed;1;Data Management Functional Analyst - Customer Journey Expert;ING;Large Enterprise (+5000 employees);Banking, Personal Banking, Wholesale Banking, FinTech, Retail Banking, Online Banking, Private banking, Mobile banking, Mobile payments, Innovation, agile, blockchain, Sustainability;BELGIUM;Brussel;Broad knowledge and deep practical experience with data quality, data lineage, data security, data privacy, data lifecycle management, data issue remediation…;21 day ago;2a59826928663d54;https://be.indeed.com/jobs?q=Data%20Scientist&l=Brussels&radius=10&start=40&lang=en&vjk=2a59826928663d54
144;indeed;1;Data / BI Analyst;GENTIS RECRUITMENT;Large Enterprise (+5000 employees);Recruitment, Staffing, Headhunting, Interim Management, IT, Engineering, Life Sciences, Oil & Gas, Freelance, Permanent, Construction, Supply Chain, Finance, Technical Sales, Digital Marketing, consulting;BELGIUM;Brussel;Collect data and understand which data is needed for the solution. Support business in defining their needs in data analytics and data science.;30 day ago;c5549452ef2a3a78;https://be.indeed.com/jobs?q=Data%20Scientist&l=Brussels&radius=10&start=30&lang=en&vjk=c5549452ef2a3a78
145;indeed;1;Data scientist ( With test automation);SPARAGUS;Small-sized Enterprise (11-50 employees);Contract Recruitment, Permanent and Temp to Permanent Contract, Onsite Recruitment;BELGIUM;Brussel;"This cannot be just a random test automation engineer; in-depth data science knowledge is also a must. Data science with test automation.";30 day ago;263e28720e6d1a20;https://be.indeed.com/jobs?q=Data%20Scientist&l=Brussels&radius=10&start=30&lang=en&vjk=263e28720e6d1a20
146;indeed;1;Sr. Business Analyst - Data Analyst;CARREFOUR;Large Enterprise (+5000 employees);Retail;BELGIUM;Evere;Perform exploratory data analysis and develop the datamarts. Understanding of data visualization best practices and concepts is a plus.;25 day ago;36f10f628b0f4186;https://be.indeed.com/jobs?q=Data%20Scientist&l=Brussels&radius=10&start=30&lang=en&vjk=36f10f628b0f4186
147;indeed;1;Insight Finder (Data Scientist);UCB S.A.;Unknown;Unknown;BELGIUM;Anderlecht;"Facilitating to connect the dot with financial / non-financial, structured / unstructured data and internal / external data;";30 day ago;ffc82660e2bf9427;https://be.indeed.com/jobs?q=Data%20Scientist&l=Brussels&radius=10&start=30&lang=en&vjk=ffc82660e2bf9427
148;indeed;1;Security Business Data & Reporting Analyst;EUROCLEAR;Large Enterprise (+5000 employees);Financial services, Asset servicing, Collateral Management, Issuer services, Settlement, Fund services, Triparty repo, Capital Markets, Market infrastructures, Innovation, Blockchain, Securities, T2S, Target2 Securities, Connectivity, Automation, Reference Data, Liquidity Data, ETFs, FMI;BELGIUM;Brussel;Knowledge of and a passion for data modelling, data warehousing & reporting. As part of a the Operational Metrics Platform project team, you will contribute to…;30 day ago;ccc9a7a05c9e9432;https://be.indeed.com/jobs?q=Data%20Scientist&l=Brussels&radius=10&start=30&lang=en&vjk=ccc9a7a05c9e9432
149;indeed;1;Data business analyst;BPOST;Large Enterprise (+5000 employees);letters, parcels, express shipments, secure electronic delivery, domestic mail, international mail, e-services, electronic invoices, stamps, franking machines, direct mail, document management, e-certificates, Document Delivery Services, Digital Mailroom;BELGIUM;Brussel;Your data knowledge and business analysis experience will allow you to translate business requirements into technology, user stories, user data...;30 day ago;cd27b253dafde8e0;https://be.indeed.com/jobs?q=Data%20Scientist&l=Brussels&radius=10&start=20&lang=en&vjk=cd27b253dafde8e0
150;indeed;1;Data Scientist;SPARAGUS;Small-sized Enterprise (11-50 employees);Contract Recruitment, Permanent and Temp to Permanent Contract, Onsite Recruitment;BELGIUM;Brussel;To elaborate and train AI models and share this expertise with the client by coaching junior data scientists within the team.;30 day ago;cdcec3bc9bf024f3;https://be.indeed.com/jobs?q=Data%20Scientist&l=Brussels&radius=10&start=20&lang=en&vjk=cdcec3bc9bf024f3
151;indeed;1;Data Protection Analyst;EUROCLEAR;Large Enterprise (+5000 employees);Financial services, Asset servicing, Collateral Management, Issuer services, Settlement, Fund services, Triparty repo, Capital Markets, Market infrastructures, Innovation, Blockchain, Securities, T2S, Target2 Securities, Connectivity, Automation, Reference Data, Liquidity Data, ETFs, FMI;BELGIUM;Brussel;Knowledge of Data Protection controls such as encryption (DAR, DIM, DIU), data hashing, data signing, data anonymisation, DRM, DLP, CASB, data access governance…;26 day ago;e8104ec02f8b070a;https://be.indeed.com/jobs?q=Data%20Scientist&l=Brussels&radius=10&start=20&lang=en&vjk=e8104ec02f8b070a
152;indeed;1;Data Analyst;ING;Large Enterprise (+5000 employees);Banking, Personal Banking, Wholesale Banking, FinTech, Retail Banking, Online Banking, Private banking, Mobile banking, Mobile payments, Innovation, agile, blockchain, Sustainability;BELGIUM;Brussel;Management of databases, data collection systems, data analytics and other strategies that optimize data quality.;21 day ago;95fa685c5bbc25ed;https://be.indeed.com/jobs?q=Data%20Scientist&l=Brussels&radius=10&start=20&lang=en&vjk=95fa685c5bbc25ed
153;indeed;1;Data Analyst/Statistician;INTRASOFT INTERNATIONAL;Large Enterprise (+5000 employees);Information Technology, Public Sector Solutions, Information & Communication Services, Telcos & Enterprises Solutions, SAP Consulting, Healthcare, Transport & Education Solutions, Banking Solutions, Application Development, Outsourcing Services, Systems Integration;BELGIUM;Brussel;Managed structured and unstructured data sets (incl. data acquisition, data cleaning and management). Excellent affinity with data science domain.;30 day ago;612f8a2fe5bd9dfd;https://be.indeed.com/jobs?q=Data%20Scientist&l=Brussels&radius=10&start=20&lang=en&vjk=612f8a2fe5bd9dfd
154;indeed;1;Data Quality Analyst F/H;KLANIK;Large Enterprise (+5000 employees);Conseil en ingénierie, IT, Informatique;BELGIUM;Brussel;The objective of the Data Department is to modernise our client’s data repositories, data governance, data management and data usage.;30 day ago;ece655237f0ce24c;https://be.indeed.com/jobs?q=Data%20Scientist&l=Brussels&radius=10&start=20&lang=en&vjk=ece655237f0ce24c
155;indeed;1;Data Analyst - Virtual Assistants;ING;Large Enterprise (+5000 employees);Banking, Personal Banking, Wholesale Banking, FinTech, Retail Banking, Online Banking, Private banking, Mobile banking, Mobile payments, Innovation, agile, blockchain, Sustainability;BELGIUM;Brussel;Management of databases, data collection systems, data analytics and other strategies to optimize data quality.;30 day ago;e908022af20f383b;https://be.indeed.com/jobs?q=Data%20Scientist&l=Brussels&radius=10&start=10&lang=en&vjk=e908022af20f383b
156;indeed;1;DATA SCIENTIST;CREAM;Startup (1-10 employees);Unknown;BELGIUM;Bruxelles Ixelles;You provide data-driven recommendations to the client. As Louise, Data Scientist, you will have a key role in the implementation of innovative data models to…;30 day ago;685338ae05932206;https://be.indeed.com/jobs?q=Data%20Scientist&l=Brussels&radius=10&start=0&lang=en&vjk=685338ae05932206
157;indeed;1;Data Scientist (Machine Learning);INSTAON;Startup (1-10 employees);Google Ads, Bing Ads, PPC Optimization, SMB's Marketing, Digital Marketing, Facebook Ads;BELGIUM;Brussel;Work closely with the founders to boost the company to the next level. You have a Bachelor Degree, Master Degree or equivalent in Machine Learning, Applied…;30 day ago;95452641515a635f;https://be.indeed.com/jobs?q=Data%20Scientist&l=Brussels&radius=10&start=0&lang=en&vjk=95452641515a635f
158;indeed;1;Visser & Van Baars - Data Scientist / Analyst;VISSER & VAN BAARS;Unknown;Unknown;BELGIUM;Brussel;"Strong in data wrangling and creating datasets; You have an extensive experience in data analysis; Optimize and personalize the customer experience based on…";4 day ago;6a7a88b2156dff8c;https://be.indeed.com/jobs?q=Data%20Scientist&l=Brussels&radius=10&start=0&lang=en&advn=9004820617991727&vjk=6a7a88b2156dff8c
159;indeed;1;NLP Data Scientist;SORTLIST;Unknown;Unknown;BELGIUM;Brussel;"Digging into data lakes or data warehouses. Familiarity with programming for data analysis; ideally Python, SQL. 2000€ yearly training budget.";8 day ago;c8434f32c3b8b98e;https://be.indeed.com/jobs?q=Data%20Scientist&l=Brussels&radius=10&start=0&lang=en&vjk=c8434f32c3b8b98e
160;indeed;1;Data and Business Analyst;RANDSTAD;Large Enterprise (+5000 employees);Staffing, Professionals, Search & Selection, HR Solutions, Inhouse Services, MSP, RPO, Payroll services;SWITZERLAND;Genf;Experience in data scientist is a real plus to help as a backup in the team. Analyse and validate data with the intention of making them efficient enough to…;11 day ago;dfb0cbdbaebe2669;https://ch.indeed.com/jobs?q=Data%20Scientist&l=Geneva&radius=10&start=0&lang=en&advn=7726119630709545&vjk=dfb0cbdbaebe2669
161;indeed;1;FRONTEND REACT SOFTWARE DEVELOPER - Data management;EYETECH SOLUTIONS;Large Enterprise (+5000 employees);Physical / Logical Security, Cyber Protection, Data Fusion, Electronic Warfare / RF Jamming, Safe Cities, C4 Command and Control, HLS, Technical / Operational Training, Advanced PT, Cyber Strategy, Integrative Turn Key Projects, Consultancy, Analysis Solutions, investigation, Seguridad Publica, infraestructura , telecomunicaciones, water treatment , ilumination, penitentiary, Prisiones, Penales;LUXEMBOURG;Luxembourg;State-of-the-art technologies (Kafka, ElasticSearch), Big data will be part of your daily routine. Experience doesn't matter but your expertise (strong…;8 day ago;cd7c927f6ed4da27;https://lu.indeed.com/jobs?q=Data%20Scientist&l=Luxembourg&radius=10&start=20&lang=en&advn=6387179959879196&vjk=cd7c927f6ed4da27
162;indeed;1;Data Analyst / Data Scientist (m/f);THE RECRUITER;Small-sized Enterprise (11-50 employees);Recruitment, Executive Search, Background Check, In-house HR services, HR Consulting, Assessment, Career advise, Coaching, Personal development, Salary survey, Outplacement;LUXEMBOURG;Luxembourg;You will bring your value in setting up new data mining solutions that will match with the business requirements of the clients.;30 day ago;b246cb0972ef63ca;https://lu.indeed.com/jobs?q=Data%20Scientist&l=Luxembourg&radius=10&start=10&lang=en&vjk=b246cb0972ef63ca
163;indeed;1;Data Scientist;ALBERT CLIFF;Medium-sized Enterprise (51-250 employees);Unknown;LUXEMBOURG;Luxembourg;"Define and manage business requirements of data flow regarding data used in credit risk quantification; Implement data quality processes and reports in order to…";30 day ago;7be3adc23efb498c;https://lu.indeed.com/jobs?q=Data%20Scientist&l=Luxembourg&radius=10&start=10&lang=en&vjk=7be3adc23efb498c
164;indeed;1;Data Scientist;DAVIDSON LUXEMBOURG;Intermediate-sized Enterprise (251-5000 employees);Interior Design, Furniture, Architecture, Luxury Bespoke Furniture, Davidson London;LUXEMBOURG;Luxembourg;Implementation, development and maintenance of predictive and descriptive models. Analyze Data and write requirement to implement a Data Vault.;29 day ago;1f78703a66e1e2eb;https://lu.indeed.com/jobs?q=Data%20Scientist&l=Luxembourg&radius=10&start=0&lang=en&vjk=1f78703a66e1e2eb
165;indeed;1;Data Scientist, Platform Service Management;INTELSAT;Intermediate-sized Enterprise (251-5000 employees);Satellite Services, Telecommunications, Media and Network Services;LUXEMBOURG;Luxembourg;Experience with large scale data lake and data warehouse implementations on cloud. Knowledge of data visualization tools.;7 day ago;b362a69fd4f6e83e;https://lu.indeed.com/jobs?q=Data%20Scientist&l=Luxembourg&radius=10&start=0&lang=en&vjk=b362a69fd4f6e83e
166;indeed;1;Intern – Data Scientist (F/M) – UC Luxembourg;UNITED CAPS;Unknown;Unknown;LUXEMBOURG;Luxembourg;Establish SOP: good practices and correction of erroneous data. At least a first experience in data science (study project and/or previous internship).;30 day ago;8e628c7b27c3a9cb;https://lu.indeed.com/jobs?q=Data%20Scientist&l=Luxembourg&radius=10&start=0&lang=en&vjk=8e628c7b27c3a9cb
167;indeed;1;Data Scientist;AGILYTIC;Startup (1-10 employees);Customer Experience, Fraud Analytics, Churn Detection, Business Improvement, Data Analytics, Telecommunication, Retail, Advanced Modelling, Data Management, Business Reporting;BELGIUM;Brussel;You have technical expertise in data preparation, data models, data mining, and segmentation. You can expect to interact with IT/data specialists and business…;30 day ago;48bd33f5efa8e385;https://be.indeed.com/jobs?q=Data%20Scientist&l=Brussels&radius=10&start=40&lang=en&vjk=48bd33f5efa8e385
168;linkedin;1;Data Scientist / Data analist;ORA TRADERS;Small-sized Enterprise (11-50 employees);Equity Options Market Makers;NETHERLANDS;Amsterdam;;5 day ago;2744427896;https://nl.linkedin.com/jobs/view/data-scientist-data-analist-at-ora-traders-2744427896?refId=NHGJlb2w9N1KAHexR1UDdA%3D%3D&trackingId=iEmFwYxH4s6tanwFAlZeQQ%3D%3D&position=23&pageNum=0&trk=public_jobs_jserp-result_search-card
169;indeed;1;Data Scientist;OPTIVER;Intermediate-sized Enterprise (251-5000 employees);Market Making, Business Operations, Tech, Trading;NETHERLANDS;Amsterdam;With trading teams focusing on a broad range of financial products, we have access to large amounts of in-house and external data.;30 day ago;788e78fdf70c753e;https://nl.indeed.com/jobs?q=Data%20Scientist&l=Amsterdam&radius=10&start=10&lang=en&vjk=788e78fdf70c753e
170;indeed;1;Data Analyst;TIQETS;Large Enterprise (+5000 employees);Entertainment, Travel, API, Tickets, Theater, Museums, Concerts, Tours, Musicals, Transfers, Mobile entrance, Amsterdam, Ballet, Canal cruise, Amusement parks;NETHERLANDS;Amsterdam;Build dashboards, reports and visualizations to allow others at the company to be able to ask the right data questions.;30 day ago;9dc4393e951b203d;https://nl.indeed.com/jobs?q=Data%20Scientist&l=Amsterdam&radius=10&start=30&lang=en&vjk=9dc4393e951b203d
171;indeed;1;Data Scientist - Amsterdam;DATAIKU;Intermediate-sized Enterprise (251-5000 employees);Data Science, Machine Learning, Data Science Platform, Collaborative Data Science, End-to-End Data Science Platform, Enterprise AI, Big Data, AutoML, Data Prep, Responsible AI, Transparent AI, Scalable AI, Data Democratization;NETHERLANDS;Amsterdam;Understanding of relational data structures and SQL. Our ideal candidate is comfortable learning new languages, technologies, and modeling techniques while…;30 day ago;3362494c05442874;https://nl.indeed.com/jobs?q=Data%20Scientist&l=Amsterdam&radius=10&start=20&lang=en&vjk=3362494c05442874
172;indeed;1;PK/ PD Data Programmer (Remote);CERTARA;Large Enterprise (+5000 employees);model-based drug discovery and development, scientific informatics, PK/PD modeling and simulation, PBPK modeling and simulation, trial design, drug development, regulatory writing, quantitative systems pharmacology, clinical pharmacology, quantitative systems toxicology, transparency and disclosure, model-based meta-analysis, regulatory strategy, regulatory publishing, market access, health economics and outcomes research, real world evidence solutions;NETHERLANDS;Amsterdam Westpoort•Thuiswerken;You interact directly with the client on topics around data transfers, dataset specifications and data queries. Familiar in working with CDISC data formats.;30 day ago;d386ba22e77cd179;https://nl.indeed.com/jobs?q=Data%20Scientist&l=Amsterdam&radius=10&start=20&lang=en&vjk=d386ba22e77cd179
173;indeed;1;Data Management Analyst – Data Quality Expert;ING;Large Enterprise (+5000 employees);Banking, Personal Banking, Wholesale Banking, FinTech, Retail Banking, Online Banking, Private banking, Mobile banking, Mobile payments, Innovation, agile, blockchain, Sustainability;BELGIUM;Brussel;We realize a well governed data lake that ensures data availability, common understanding of business terms, data quality is measured & issues are remediated,…;30 day ago;5e40ee8c05d6e56f;https://be.indeed.com/jobs?q=Data%20Scientist&l=Brussels&radius=10&start=40&lang=en&vjk=5e40ee8c05d6e56f
174;indeed;1;Data Scientist;CARNEXT.COM;Unknown;Unknown;NETHERLANDS;Amsterdam;Lead a data science project. Advanced statistics knowledge, and applied Machine learning knowledge for structured data. Solid programming skills in Python, SQL.;21 day ago;7f6f171c812de316;https://nl.indeed.com/jobs?q=Data%20Scientist&l=Amsterdam&radius=10&start=10&lang=en&vjk=7f6f171c812de316
175;indeed;1;Data Scientist;BUNQ;Unknown;Unknown;NETHERLANDS;Amsterdam Westpoort;Deliver 100% reliable data, always on time. Provide bunqers with real time insights into their respective data pools.;30 day ago;104347e999b4d65a;https://nl.indeed.com/jobs?q=Data%20Scientist&l=Amsterdam&radius=10&start=10&lang=en&vjk=104347e999b4d65a
176;indeed;1;Data Scientist;ROAMLER;Medium-sized Enterprise (51-250 employees);Information Technology, Crowd-sourced solutions, Crowdsourcing, Mobile Applications, Field Marketing, Home installations, Market research;NETHERLANDS;Amsterdam;"Strong knowledge of python and the python data science stack; Excellent understanding of data cleaning, feature engineering , and ETL processes in general;";30 day ago;ffff1a168ec0b79e;https://nl.indeed.com/jobs?q=Data%20Scientist&l=Amsterdam&radius=10&start=0&lang=en&vjk=ffff1a168ec0b79e
177;indeed;1;(Sr.) Data Scientist;ORDERCHAMP;Small-sized Enterprise (11-50 employees);software, Saas, b2b, ecommerce, home and living, marketplace, fintech;NETHERLANDS;Amsterdam;"Assess the effectiveness and accuracy of new data sources and data gathering techniques; Support initiatives for data integrity and normalization;";30 day ago;0e323d98d08fc1d5;https://nl.indeed.com/jobs?q=Data%20Scientist&l=Amsterdam&radius=10&start=30&lang=en&vjk=0e323d98d08fc1d5
178;indeed;1;Data Scientist / Data analist;ORA TRADERS;Small-sized Enterprise (11-50 employees);Equity Options Market Makers;NETHERLANDS;Amsterdam;You collect and verify data to process it to information for further analysis and develop data models. Capital markets typically generate large volumes of data …;4 day ago;98db52d3cc17d287;https://nl.indeed.com/jobs?q=Data%20Scientist&l=Amsterdam&radius=10&start=0&lang=en&vjk=98db52d3cc17d287
179;indeed;1;Data Scientist;AURELIUS LIFE;Small-sized Enterprise (11-50 employees);Unknown;NETHERLANDS;Amsterdam;Ability to work with and create data architectures. Experience with data visualization and business intelligence tools. Knowledge of R, SQL or Python.;11 day ago;19b60f6e940ca9e9;https://nl.indeed.com/jobs?q=Data%20Scientist&l=Amsterdam&radius=10&start=0&lang=en&vjk=19b60f6e940ca9e9
180;indeed;1;Data Analyst;ADYEN;Large Enterprise (+5000 employees);online payment service, online payment system, online payment processing, payment service provider, online payment solution, online payment gateway, merchant services, mobile payments, Point-of-Sale payments, global acquiring, risk management, ecommerce, card terminals, card payments, compliance, Checkout;NETHERLANDS;Amsterdam;Collaborate with engineers, data scientists and product managers to test, iterate, and measure impact of proposed solutions.;30 day ago;f296cbaedd54cc6f;https://nl.indeed.com/jobs?q=Data%20Scientist&l=Amsterdam&radius=10&start=30&lang=en&vjk=f296cbaedd54cc6f
181;indeed;1;Data Product Owner, Customer Experience- Netherlands Remote;VISTAPRINT;Large Enterprise (+5000 employees);Small business marketing, Technology, Marketing, Microbusinesses, Software Engineering, Architecture, Finance, Manufacturing;NETHERLANDS;Amsterdam Centrum•Thuiswerken;Work with agile product teams of analysts, data scientists, and data engineers. Develop and maintain Vistaprint’s first company-wide customer experience (CX)…;2 day ago;f81081be85ab5fe2;https://nl.indeed.com/jobs?q=Data%20Scientist&l=Amsterdam&radius=10&start=40&lang=en&vjk=f81081be85ab5fe2
182;indeed;1;Data Scientist;NEXT VENTURES LIMITED;Medium-sized Enterprise (51-250 employees);SAP Recruitment Specialists, Digital, Infrastructure and Cloud Recruitment Specialists, Oracle E-Business Recruitment Specialists, eCommerce and Business Analytics Recruitment Specialists, Business Applications Recruitment, Cloud and Infrastucture , Automotive Technology Recruitment;NETHERLANDS;Amsterdam;5 years of experience within data science and/or machine learning. Living and working in the Netherlands and experience in working at end users preferably…;26 day ago;a45f4f8dd47cec64;https://nl.indeed.com/jobs?q=Data%20Scientist&l=Amsterdam&radius=10&start=40&lang=en&vjk=a45f4f8dd47cec64
183;indeed;1;Account Executive Data and AI;IBM;Large Enterprise (+5000 employees);Cloud, Mobile, Cognitive, Security, Research, Watson, Analytics, Consulting, Commerce, Experience Design, Internet of Things, Technology support, Industry solutions, Systems services, Resiliency services, Financing, IT infrastructure;NETHERLANDS;Amsterdam;Allow our clients to empower their organisations with data, by providing their business users, analysts and data scientists the tools and capabilities to…;30 day ago;db3cb852c87ebcc6;https://nl.indeed.com/jobs?q=Data%20Scientist&l=Amsterdam&radius=10&start=40&lang=en&vjk=db3cb852c87ebcc6
184;linkedin;1;Data Scientist;LEMONADS;Startup (1-10 employees);Social Media;LUXEMBOURG;Luxembourg;;4 day ago;2740411611;https://lu.linkedin.com/jobs/view/data-scientist-at-lemonads-2740411611?refId=B83nYIh4Dchq7P9xa2BYpA%3D%3D&trackingId=%2FAFiXTSXFoWPbHcSAeuLrw%3D%3D&position=2&pageNum=0&trk=public_jobs_jserp-result_search-card
185;linkedin;1;Data scientist (h/f);FOYER;Startup (1-10 employees);level records label-nights;LUXEMBOURG;Leudelange;;14 day ago;2733495206;
186;linkedin;1;Data Scientist (Stage de fin d'etude);LEMONADS;Startup (1-10 employees);Social Media;LUXEMBOURG;Luxembourg;;6 day ago;2735184830;https://lu.linkedin.com/jobs/view/data-scientist-stage-de-fin-d-etude-at-lemonads-2735184830?refId=B83nYIh4Dchq7P9xa2BYpA%3D%3D&trackingId=zhu26tGC45CcOtSGks2SFA%3D%3D&position=13&pageNum=0&trk=public_jobs_jserp-result_search-card
187;indeed;1;Data & Analytics Team Lead;DECATHLON;Large Enterprise (+5000 employees);Sports, Vente, Conception;NETHERLANDS;Amsterdam;Lead and develop the data team (data scientists, data engineer, data analyst, web analyst, app analyst and Product Owner). Participate in bigger data projects.;12 day ago;652a0fc168960bce;https://nl.indeed.com/jobs?q=Data%20Scientist&l=Amsterdam&radius=10&start=20&lang=en&vjk=652a0fc168960bce
188;indeed;0;Data Modeler;FRESHBOOKS;Intermediate-sized Enterprise (251-5000 employees);SaaS, web application, accounting, small business, invoicing, time tracking, expenses, freelance, service professionals, billing, bookkeeping;NETHERLANDS;Amsterdam;Collaborate with data engineers, data analysts, data scientists, and product teams working on data and analytics features for our stakeholders.;25 day ago;c9e6d77bfe59a0fd;https://nl.indeed.com/jobs?q=Data%20Scientist&l=Amsterdam&radius=10&start=30&lang=en&vjk=c9e6d77bfe59a0fd
189;indeed;0;Data / Business Analyst;SPRINGPROFESSIONAL;Unknown;Unknown;LUXEMBOURG;Luxembourg;Drive the collection of new data and the refinement of existing data sources. Experience writing advanced SQL, data modeling, data mining (SQL, ETL, data…;14 day ago;f2f4c6d39208c8a1;https://lu.indeed.com/jobs?q=Data%20Scientist&l=Luxembourg&radius=10&start=30&lang=en&vjk=f2f4c6d39208c8a1
190;indeed;0;Ethics and legal researchers in the area of biomedical data...;UNIVERSITÉ DU LUXEMBOURG;Unknown;Unknown;LUXEMBOURG;Luxembourg;ELIXIR-Luxembourg is a key player in aspects of data protection and ethics for data driven biomedical research. Work Hours: Full Time 40.0 Hours per Week.;30 day ago;948e14e5be099c4c;https://lu.indeed.com/jobs?q=Data%20Scientist&l=Luxembourg&radius=10&start=20&lang=en&vjk=948e14e5be099c4c
191;indeed;0;Data Analyst - Insurance;SPARAGUS;Startup (1-10 employees);Contract Recruitment, Permanent and Temp to Permanent Contract, Onsite Recruitment;BELGIUM;Brussel;Key player in the cooperation between IT and the Business stakeholders, you combine strong skills of Analyse and Project Management with a good knowledge of the…;30 day ago;ed1b2fb8536e3670;https://be.indeed.com/jobs?q=Data%20Scientist&l=Brussels&radius=10&start=40&lang=en&vjk=ed1b2fb8536e3670
192;indeed;0;Data Analyst;RIDEDOTT;Unknown;Unknown;NETHERLANDS;Amsterdam;Analytics Engineering: Collaborate with data engineering to bring analytical data models into production. Experience working with Payments data is a big plus.;30 day ago;466549f049a06d20;https://nl.indeed.com/jobs?q=Data%20Scientist&l=Amsterdam&radius=10&start=30&lang=en&vjk=466549f049a06d20
193;indeed;0;Data Management Business Analyst (f/m);AXPO;Unknown;Unknown;BELGIUM;Brussel;Profound understanding in data management and processing. You are responsible for establishing contact with the local data providers and system operators to…;30 day ago;38b3d428591a29bd;https://be.indeed.com/jobs?q=Data%20Scientist&l=Brussels&radius=10&start=30&lang=en&vjk=38b3d428591a29bd
194;indeed;0;IT Patient Data & Analytics Lead;UCB S.A.;Unknown;Unknown;BELGIUM;Anderlecht;Partnering with stakeholders in various business units and locations to ensure execution of the Digital initiatives as it relates to data processing, data…;30 day ago;ceab47a4db9e7583;https://be.indeed.com/jobs?q=Data%20Scientist&l=Brussels&radius=10&start=30&lang=en&vjk=ceab47a4db9e7583
195;indeed;0;IT Project Analyst Data;SPARAGUS;Small-sized Enterprise (11-50 employees);Contract Recruitment, Permanent and Temp to Permanent Contract, Onsite Recruitment;BELGIUM;Brussel;Key player in the cooperation between IT and the Business stakeholders, you combine strong skills of Analyse and Project Management with a good knowledge of the…;30 day ago;e773310030bba189;https://be.indeed.com/jobs?q=Data%20Scientist&l=Brussels&radius=10&start=40&lang=en&vjk=e773310030bba189
196;indeed;0;Data Analyst;ALTARES;Unknown;Unknown;BELGIUM;Brussel;You unlock timely, relevant and reliable data for a wide range of business stakeholders. You have a bachelor's or master’s degree in computer science, economics…;30 day ago;78357827b7350a15;https://be.indeed.com/jobs?q=Data%20Scientist&l=Brussels&radius=10&start=30&lang=en&vjk=78357827b7350a15
197;indeed;0;Data Analyst / Data Architect;LACO INFORMATION SERVICES;Medium-sized Enterprise (51-250 employees);Business Intelligence, Managed Services, SAS, Microsoft, Data Intelligence, Data Strategy, Data Platform, Data Governance, Data Architecture, Analytics, Data Intelligence in the Cloud, Analytics in the Cloud, Microsoft BI, Data Management, Data Quality, Data Visualization;BELGIUM;Diegem;You have a deep understanding of the business, which allows you to determine business requirements, define key performance indicators, develop a data warehouse…;30 day ago;398ec3598245f9f3;https://be.indeed.com/jobs?q=Data%20Scientist&l=Brussels&radius=10&start=40&lang=en&vjk=398ec3598245f9f3
198;indeed;0;Data / BI Analyst;SPARAGUS;Startup (1-10 employees);Contract Recruitment, Permanent and Temp to Permanent Contract, Onsite Recruitment;BELGIUM;Brussel;The client is a rapidly growing data farm for pharmaceutical data in Belgium managing end-to-end data lifecycle from ingestion through data science/machine…;30 day ago;328c41de67dc4011;https://be.indeed.com/jobs?q=Data%20Scientist&l=Brussels&radius=10&start=30&lang=en&vjk=328c41de67dc4011
199;indeed;0;Data Modeler/Functional Analyst;SPARAGUS;Startup (1-10 employees);Contract Recruitment, Permanent and Temp to Permanent Contract, Onsite Recruitment;BELGIUM;Brussel;Experience with data mapping and the design of ETL jobs. Data Modeler role: Defining the Business Matrix and designing the conceptual & physical data models …;30 day ago;ea9d94eec237786f;https://be.indeed.com/jobs?q=Data%20Scientist&l=Brussels&radius=10&start=40&lang=en&vjk=ea9d94eec237786f
200;indeed;0;Data Analyst / Expert SEA&SEO;DIGITAG;Unknown;Unknown;BELGIUM;Brussel•Thuiswerken;Knowledge of data in a digital marketing field & knowledge of Google analytics. From advertising to communication, from marketing to data visualization, DIGITAL…;30 day ago;b435619b92f036bc;https://be.indeed.com/jobs?q=Data%20Scientist&l=Brussels&radius=10&start=30&lang=en&vjk=b435619b92f036bc
201;linkedin;0;Data Analyst;CHINA MERCHANTS BANK CO., LTD., LUXEMBOURG BRANCH;Unknown;Unknown;LUXEMBOURG;Luxembourg;;60 day ago;2522531944;
202;indeed;0;Data Analyst;SPARAGUS;Small-sized Enterprise (11-50 employees);Contract Recruitment, Permanent and Temp to Permanent Contract, Onsite Recruitment;BELGIUM;Brussel;We are looking for a data administrator and data analyst to help us setting up an efficient Data Warehouse. § Relational data models (logical & technical) Power…;30 day ago;18921010499c8836;https://be.indeed.com/jobs?q=Data%20Scientist&l=Brussels&radius=10&start=40&lang=en&vjk=18921010499c8836
203;indeed;0;Analyst-Developer Data BI – ETL (M/F/X;3D-ICT;Medium-sized Enterprise (51-250 employees);Unknown;BELGIUM;Brussel;The setup of a big data environment in support of the data scientists and a data lake to. The set up of a data platform to support the need of a governed and…;1 day ago;5b6f4ae1072c731c;https://be.indeed.com/jobs?q=Data%20Scientist&l=Brussels&radius=10&start=40&lang=en&vjk=5b6f4ae1072c731c
204;indeed;0;Data Analyst;TCR GROUP;Small-sized Enterprise (11-50 employees);Taxivervoer, Groepsvervoer, Evenementenvervoer, Zakelijk vervoer, Luchthavenvervoer, Openbaar vervoer, Zorgvervoer, Scholierenvervoer, Speciaal vervoer, Schoolreizen;BELGIUM;Zaventem;Master Data Management: after Go-Live provide first line support for master data creation, ensure data accuracy and avoid creation of duplicates by analysing…;21 day ago;b115807816ad857e;https://be.indeed.com/jobs?q=Data%20Scientist&l=Brussels&radius=10&start=40&lang=en&vjk=b115807816ad857e
